#Strain	Lab_collection_no	Species	Original_Serovar	Current_Serovar	PSgc_forms	Whole_genome_accession	Gene_cluster_accession	Polymerase_accession	Linkage	polymerase_sequence
LUH5533	G4765	baumannii	O1	Sv1	PSgc1	DRS005660	KC526894	AHB32215.1	NA	MIFKNIGSYDLTNFSLFYNETGVEIGWGLYSKIISLFSDSPVVLFTIFSFFTFFTFYRISRLVEIKFLYVMLYYLPTGFFMMQQFMQIRQGFAIPLVIYGSVLYLSGKKYISLVFFILAILFHQSSLAFILIFISYLFFNNFLKINTSVFKFFIINILILVFGFIVARFILLDAAMDYFQRLEAYSTTDYAESVGFFSLSNIKFYIEFFLIFLLLNNRLLLNKFIVFFVFIFTVGLSLRVAFYDFGILSGRLSNTFLLIEVFLMPMLLSSRLNKIYLYIYFLLYFLVIFYVTWTFQASEFIKNNYFLPLS
LUH3483	G4760	nosocomialis	O2	Sv2	PSgc2	DRS005640	KC526907	AHB32538.1	GalNAc(b1-4)Gal	MIFKNIGSYDLTNFSLFYNETGVEIGWGLYSKIISLFSDSPVVLFTIFSFFTFFTFYRISRLVEIKFLYVMLYYLPTGFFMMQQFMQIRQGFAIPLVIYGSVLYLSGKKYISLVFFILAILFHQSSLAFILIFISYLFFNNFLKINTSVFKFFIINILILVFGFIVARFILLDAAMDYFQRLEAYSTTDYAESVGFFSLSNIKFYIEFFLIFLLLNNRLLLNKFIVFFVFIFTVGLSLRVAFYDFGILSGRLSNTFLLIEVFLMPMLLSSRLNKIYLYIYFLLYFLVIFYVTWTFQASEFIKNNYFLPLS
LUH5534	G4766	baumannii	O3	Sv3	PSgc3	DRS005641	KC526908	AHB32563.2	NA	MIFKNIGSYDLTNFSLFYNETGVEIGWGLYSKIISLFSDSPVVLFTIFSFFTFFTFYRISRLVEIKFLYVMLYYLPTGFFMMQQFMQIRQGFAIPLVIYGSVLYLSGKKYISLVFFILAILFHQSSLAFILIFISYLFFNNFLKINTSVFKFFIINILILVFGFIVARFILLDAAMDYFQRLEAYSTTDYAESVGFFSLSNIKFYIEFFLIFLLLNNRLLLNKFIVFFVFIFTVGLSLRVAFYDFGILSGRLSNTFLLIEVFLMPMLLSSRLNKIYLYIYFLLYFLVIFYVTWTFQASEFIKNNYFLPLS
LUH5536	G4768	nosocomialis	O4	Sv4	PSgc4	DRS005652	KC526912	AHB32666.1	NA	MIFKNIGSYDLTNFSLFYNETGVEIGWGLYSKIISLFSDSPVVLFTIFSFFTFFTFYRISRLVEIKFLYVMLYYLPTGFFMMQQFMQIRQGFAIPLVIYGSVLYLSGKKYISLVFFILAILFHQSSLAFILIFISYLFFNNFLKINTSVFKFFIINILILVFGFIVARFILLDAAMDYFQRLEAYSTTDYAESVGFFSLSNIKFYIEFFLIFLLLNNRLLLNKFIVFFVFIFTVGLSLRVAFYDFGILSGRLSNTFLLIEVFLMPMLLSSRLNKIYLYIYFLLYFLVIFYVTWTFQASEFIKNNYFLPLS
LUH3484	G4761	baumannii	O5	Sv5	PSgc5	DRS005649	KC526895	AHB32242.2	GlcNAc(a1-3)GalNAcA	MIFKNIGSYDLTNFSLFYNETGVEIGWGLYSKIISLFSDSPVVLFTIFSFFTFFTFYRISRLVEIKFLYVMLYYLPTGFFMMQQFMQIRQGFAIPLVIYGSVLYLSGKKYISLVFFILAILFHQSSLAFILIFISYLFFNNFLKINTSVFKFFIINILILVFGFIVARFILLDAAMDYFQRLEAYSTTDYAESVGFFSLSNIKFYIEFFLIFLLLNNRLLLNKFIVFFVFIFTVGLSLRVAFYDFGILSGRLSNTFLLIEVFLMPMLLSSRLNKIYLYIYFLLYFLVIFYVTWTFQASEFIKNNYFLPLS
LUH5535	G4767	baumannii	O6	Sv6	PSgc6	DRS005643	KC526896	AHB32267.1	NA	MIFKNIGSYDLTNFSLFYNETGVEIGWGLYSKIISLFSDSPVVLFTIFSFFTFFTFYRISRLVEIKFLYVMLYYLPTGFFMMQQFMQIRQGFAIPLVIYGSVLYLSGKKYISLVFFILAILFHQSSLAFILIFISYLFFNNFLKINTSVFKFFIINILILVFGFIVARFILLDAAMDYFQRLEAYSTTDYAESVGFFSLSNIKFYIEFFLIFLLLNNRLLLNKFIVFFVFIFTVGLSLRVAFYDFGILSGRLSNTFLLIEVFLMPMLLSSRLNKIYLYIYFLLYFLVIFYVTWTFQASEFIKNNYFLPLS
LUH5537	G4769	baumannii	O7	Sv9	PSgc9	DRS005639	KC526920	AHB32888.2	NA	MIFKNIGSYDLTNFSLFYNETGVEIGWGLYSKIISLFSDSPVVLFTIFSFFTFFTFYRISRLVEIKFLYVMLYYLPTGFFMMQQFMQIRQGFAIPLVIYGSVLYLSGKKYISLVFFILAILFHQSSLAFILIFISYLFFNNFLKINTSVFKFFIINILILVFGFIVARFILLDAAMDYFQRLEAYSTTDYAESVGFFSLSNIKFYIEFFLIFLLLNNRLLLNKFIVFFVFIFTVGLSLRVAFYDFGILSGRLSNTFLLIEVFLMPMLLSSRLNKIYLYIYFLLYFLVIFYVTWTFQASEFIKNNYFLPLS
LUH5538	G4770	baumannii	O8	Sv8	PSgc8	DRS005645	KC526898	AHB32311.1	NA	MIFKNIGSYDLTNFSLFYNETGVEIGWGLYSKIISLFSDSPVVLFTIFSFFTFFTFYRISRLVEIKFLYVMLYYLPTGFFMMQQFMQIRQGFAIPLVIYGSVLYLSGKKYISLVFFILAILFHQSSLAFILIFISYLFFNNFLKINTSVFKFFIINILILVFGFIVARFILLDAAMDYFQRLEAYSTTDYAESVGFFSLSNIKFYIEFFLIFLLLNNRLLLNKFIVFFVFIFTVGLSLRVAFYDFGILSGRLSNTFLLIEVFLMPMLLSSRLNKIYLYIYFLLYFLVIFYVTWTFQASEFIKNNYFLPLS
LUH5539	G4771	baumannii	O9	Sv9	PSgc9	DRS005655	KC526915	AHB32746.2	NA	MIFKNIGSYDLTNFSLFYNETGVEIGWGLYSKIISLFSDSPVVLFTIFSFFTFFTFYRISRLVEIKFLYVMLYYLPTGFFMMQQFMQIRQGFAIPLVIYGSVLYLSGKKYISLVFFILAILFHQSSLAFILIFISYLFFNNFLKINTSVFKFFIINILILVFGFIVARFILLDAAMDYFQRLEAYSTTDYAESVGFFSLSNIKFYIEFFLIFLLLNNRLLLNKFIVFFVFIFTVGLSLRVAFYDFGILSGRLSNTFLLIEVFLMPMLLSSRLNKIYLYIYFLLYFLVIFYVTWTFQASEFIKNNYFLPLS
LUH5540	G4772	baumannii	O10	Sv10	PSgc10	DRS005653	KC526902	AHB32411.1	GlcNAc(a1-2)LRha	MIFKNIGSYDLTNFSLFYNETGVEIGWGLYSKIISLFSDSPVVLFTIFSFFTFFTFYRISRLVEIKFLYVMLYYLPTGFFMMQQFMQIRQGFAIPLVIYGSVLYLSGKKYISLVFFILAILFHQSSLAFILIFISYLFFNNFLKINTSVFKFFIINILILVFGFIVARFILLDAAMDYFQRLEAYSTTDYAESVGFFSLSNIKFYIEFFLIFLLLNNRLLLNKFIVFFVFIFTVGLSLRVAFYDFGILSGRLSNTFLLIEVFLMPMLLSSRLNKIYLYIYFLLYFLVIFYVTWTFQASEFIKNNYFLPLS
LUH5541	G4773	nosocomialis	O11	Sv11	PSgc11	DRS005637	KC526906	AHB32510.1	GalNAc(a1-4)GalNAc	MIFKNIGSYDLTNFSLFYNETGVEIGWGLYSKIISLFSDSPVVLFTIFSFFTFFTFYRISRLVEIKFLYVMLYYLPTGFFMMQQFMQIRQGFAIPLVIYGSVLYLSGKKYISLVFFILAILFHQSSLAFILIFISYLFFNNFLKINTSVFKFFIINILILVFGFIVARFILLDAAMDYFQRLEAYSTTDYAESVGFFSLSNIKFYIEFFLIFLLLNNRLLLNKFIVFFVFIFTVGLSLRVAFYDFGILSGRLSNTFLLIEVFLMPMLLSSRLNKIYLYIYFLLYFLVIFYVTWTFQASEFIKNNYFLPLS
LUH3713	G4763	baumannii	O12	Sv12	PSgc12	DRS005634	KC526916	AHB32774.1	NA	MIFKNIGSYDLTNFSLFYNETGVEIGWGLYSKIISLFSDSPVVLFTIFSFFTFFTFYRISRLVEIKFLYVMLYYLPTGFFMMQQFMQIRQGFAIPLVIYGSVLYLSGKKYISLVFFILAILFHQSSLAFILIFISYLFFNNFLKINTSVFKFFIINILILVFGFIVARFILLDAAMDYFQRLEAYSTTDYAESVGFFSLSNIKFYIEFFLIFLLLNNRLLLNKFIVFFVFIFTVGLSLRVAFYDFGILSGRLSNTFLLIEVFLMPMLLSSRLNKIYLYIYFLLYFLVIFYVTWTFQASEFIKNNYFLPLS
LUH5542	G4774	baumannii	O13	Sv13	PSgc13	DRS005654	KC526901	AHB32386.1	NA	MIFKNIGSYDLTNFSLFYNETGVEIGWGLYSKIISLFSDSPVVLFTIFSFFTFFTFYRISRLVEIKFLYVMLYYLPTGFFMMQQFMQIRQGFAIPLVIYGSVLYLSGKKYISLVFFILAILFHQSSLAFILIFISYLFFNNFLKINTSVFKFFIINILILVFGFIVARFILLDAAMDYFQRLEAYSTTDYAESVGFFSLSNIKFYIEFFLIFLLLNNRLLLNKFIVFFVFIFTVGLSLRVAFYDFGILSGRLSNTFLLIEVFLMPMLLSSRLNKIYLYIYFLLYFLVIFYVTWTFQASEFIKNNYFLPLS
LUH5543	G4775	baumannii	O14	Sv14	PSgc14	DRS005636	KC526913	AHB32687.1	NA	MIFKNIGSYDLTNFSLFYNETGVEIGWGLYSKIISLFSDSPVVLFTIFSFFTFFTFYRISRLVEIKFLYVMLYYLPTGFFMMQQFMQIRQGFAIPLVIYGSVLYLSGKKYISLVFFILAILFHQSSLAFILIFISYLFFNNFLKINTSVFKFFIINILILVFGFIVARFILLDAAMDYFQRLEAYSTTDYAESVGFFSLSNIKFYIEFFLIFLLLNNRLLLNKFIVFFVFIFTVGLSLRVAFYDFGILSGRLSNTFLLIEVFLMPMLLSSRLNKIYLYIYFLLYFLVIFYVTWTFQASEFIKNNYFLPLS
LUH5544	G4776	baumannii	O15	Sv15	PSgc15	DRS005646	KC526905	AHB32490.1	NA	MIFKNIGSYDLTNFSLFYNETGVEIGWGLYSKIISLFSDSPVVLFTIFSFFTFFTFYRISRLVEIKFLYVMLYYLPTGFFMMQQFMQIRQGFAIPLVIYGSVLYLSGKKYISLVFFILAILFHQSSLAFILIFISYLFFNNFLKINTSVFKFFIINILILVFGFIVARFILLDAAMDYFQRLEAYSTTDYAESVGFFSLSNIKFYIEFFLIFLLLNNRLLLNKFIVFFVFIFTVGLSLRVAFYDFGILSGRLSNTFLLIEVFLMPMLLSSRLNKIYLYIYFLLYFLVIFYVTWTFQASEFIKNNYFLPLS
LUH3712	G4762	baumannii	O16	Sv23	PSgc23	DRS005638	KC526914	AHB32715.1	NA	MIFKNIGSYDLTNFSLFYNETGVEIGWGLYSKIISLFSDSPVVLFTIFSFFTFFTFYRISRLVEIKFLYVMLYYLPTGFFMMQQFMQIRQGFAIPLVIYGSVLYLSGKKYISLVFFILAILFHQSSLAFILIFISYLFFNNFLKINTSVFKFFIINILILVFGFIVARFILLDAAMDYFQRLEAYSTTDYAESVGFFSLSNIKFYIEFFLIFLLLNNRLLLNKFIVFFVFIFTVGLSLRVAFYDFGILSGRLSNTFLLIEVFLMPMLLSSRLNKIYLYIYFLLYFLVIFYVTWTFQASEFIKNNYFLPLS
LUH5545	G4777	baumannii	O17	Sv17	PSgc17	DRS005658	KC526904	AHB32462.1	NA	MIFKNIGSYDLTNFSLFYNETGVEIGWGLYSKIISLFSDSPVVLFTIFSFFTFFTFYRISRLVEIKFLYVMLYYLPTGFFMMQQFMQIRQGFAIPLVIYGSVLYLSGKKYISLVFFILAILFHQSSLAFILIFISYLFFNNFLKINTSVFKFFIINILILVFGFIVARFILLDAAMDYFQRLEAYSTTDYAESVGFFSLSNIKFYIEFFLIFLLLNNRLLLNKFIVFFVFIFTVGLSLRVAFYDFGILSGRLSNTFLLIEVFLMPMLLSSRLNKIYLYIYFLLYFLVIFYVTWTFQASEFIKNNYFLPLS
LUH5546	G4778	baumannii	O18	Sv18	PSgc18	DRS005650	KC526899	AHB32334.1	GalNAc(b1-3)Gal	MIFKNIGSYDLTNFSLFYNETGVEIGWGLYSKIISLFSDSPVVLFTIFSFFTFFTFYRISRLVEIKFLYVMLYYLPTGFFMMQQFMQIRQGFAIPLVIYGSVLYLSGKKYISLVFFILAILFHQSSLAFILIFISYLFFNNFLKINTSVFKFFIINILILVFGFIVARFILLDAAMDYFQRLEAYSTTDYAESVGFFSLSNIKFYIEFFLIFLLLNNRLLLNKFIVFFVFIFTVGLSLRVAFYDFGILSGRLSNTFLLIEVFLMPMLLSSRLNKIYLYIYFLLYFLVIFYVTWTFQASEFIKNNYFLPLS
LUH5547	G4779	baumannii	O19	Sv19	PSgc19	DRS005644	KC526918	AHB32832.1	NA	MIFKNIGSYDLTNFSLFYNETGVEIGWGLYSKIISLFSDSPVVLFTIFSFFTFFTFYRISRLVEIKFLYVMLYYLPTGFFMMQQFMQIRQGFAIPLVIYGSVLYLSGKKYISLVFFILAILFHQSSLAFILIFISYLFFNNFLKINTSVFKFFIINILILVFGFIVARFILLDAAMDYFQRLEAYSTTDYAESVGFFSLSNIKFYIEFFLIFLLLNNRLLLNKFIVFFVFIFTVGLSLRVAFYDFGILSGRLSNTFLLIEVFLMPMLLSSRLNKIYLYIYFLLYFLVIFYVTWTFQASEFIKNNYFLPLS
LUH5548	G4780	baumannii	O20	Sv20	PSgc20	DRS005635	KC526910	AHB32614.2	NA	MIFKNIGSYDLTNFSLFYNETGVEIGWGLYSKIISLFSDSPVVLFTIFSFFTFFTFYRISRLVEIKFLYVMLYYLPTGFFMMQQFMQIRQGFAIPLVIYGSVLYLSGKKYISLVFFILAILFHQSSLAFILIFISYLFFNNFLKINTSVFKFFIINILILVFGFIVARFILLDAAMDYFQRLEAYSTTDYAESVGFFSLSNIKFYIEFFLIFLLLNNRLLLNKFIVFFVFIFTVGLSLRVAFYDFGILSGRLSNTFLLIEVFLMPMLLSSRLNKIYLYIYFLLYFLVIFYVTWTFQASEFIKNNYFLPLS
LUH5549	G4781	baumannii	O21	Sv21	PSgc21	DRS005651	KC526897	AHB32283.1	NA	MIFKNIGSYDLTNFSLFYNETGVEIGWGLYSKIISLFSDSPVVLFTIFSFFTFFTFYRISRLVEIKFLYVMLYYLPTGFFMMQQFMQIRQGFAIPLVIYGSVLYLSGKKYISLVFFILAILFHQSSLAFILIFISYLFFNNFLKINTSVFKFFIINILILVFGFIVARFILLDAAMDYFQRLEAYSTTDYAESVGFFSLSNIKFYIEFFLIFLLLNNRLLLNKFIVFFVFIFTVGLSLRVAFYDFGILSGRLSNTFLLIEVFLMPMLLSSRLNKIYLYIYFLLYFLVIFYVTWTFQASEFIKNNYFLPLS
LUH5550	G4782	baumannii	O22	Sv22	PSgc22	DRS005642	KC526903	AHB32438.2	NA	MIFKNIGSYDLTNFSLFYNETGVEIGWGLYSKIISLFSDSPVVLFTIFSFFTFFTFYRISRLVEIKFLYVMLYYLPTGFFMMQQFMQIRQGFAIPLVIYGSVLYLSGKKYISLVFFILAILFHQSSLAFILIFISYLFFNNFLKINTSVFKFFIINILILVFGFIVARFILLDAAMDYFQRLEAYSTTDYAESVGFFSLSNIKFYIEFFLIFLLLNNRLLLNKFIVFFVFIFTVGLSLRVAFYDFGILSGRLSNTFLLIEVFLMPMLLSSRLNKIYLYIYFLLYFLVIFYVTWTFQASEFIKNNYFLPLS
LUH3714	G4764	baumannii	O23	Sv23	PSgc23	DRS005656	KC526911	AHB32637.1	GlcNAc(b1-3)GalNAc	MIFKNIGSYDLTNFSLFYNETGVEIGWGLYSKIISLFSDSPVVLFTIFSFFTFFTFYRISRLVEIKFLYVMLYYLPTGFFMMQQFMQIRQGFAIPLVIYGSVLYLSGKKYISLVFFILAILFHQSSLAFILIFISYLFFNNFLKINTSVFKFFIINILILVFGFIVARFILLDAAMDYFQRLEAYSTTDYAESVGFFSLSNIKFYIEFFLIFLLLNNRLLLNKFIVFFVFIFTVGLSLRVAFYDFGILSGRLSNTFLLIEVFLMPMLLSSRLNKIYLYIYFLLYFLVIFYVTWTFQASEFIKNNYFLPLS
LUH5551	G4783	baumannii	O24	Sv24	PSgc24	DRS005659	KC526909	AHB32586.1	GlcNAc(a1-4)Leg5Ac7Ac	MIFKNIGSYDLTNFSLFYNETGVEIGWGLYSKIISLFSDSPVVLFTIFSFFTFFTFYRISRLVEIKFLYVMLYYLPTGFFMMQQFMQIRQGFAIPLVIYGSVLYLSGKKYISLVFFILAILFHQSSLAFILIFISYLFFNNFLKINTSVFKFFIINILILVFGFIVARFILLDAAMDYFQRLEAYSTTDYAESVGFFSLSNIKFYIEFFLIFLLLNNRLLLNKFIVFFVFIFTVGLSLRVAFYDFGILSGRLSNTFLLIEVFLMPMLLSSRLNKIYLYIYFLLYFLVIFYVTWTFQASEFIKNNYFLPLS
LUH5552	G4784	baumannii	O25	Sv25	PSgc25	DRS005657	KC526919	AHB32861.1	NA	MIFKNIGSYDLTNFSLFYNETGVEIGWGLYSKIISLFSDSPVVLFTIFSFFTFFTFYRISRLVEIKFLYVMLYYLPTGFFMMQQFMQIRQGFAIPLVIYGSVLYLSGKKYISLVFFILAILFHQSSLAFILIFISYLFFNNFLKINTSVFKFFIINILILVFGFIVARFILLDAAMDYFQRLEAYSTTDYAESVGFFSLSNIKFYIEFFLIFLLLNNRLLLNKFIVFFVFIFTVGLSLRVAFYDFGILSGRLSNTFLLIEVFLMPMLLSSRLNKIYLYIYFLLYFLVIFYVTWTFQASEFIKNNYFLPLS
LUH5553	G4785	baumannii	O26	Sv26	PSgc26	DRS005648	KC526917	AHB32799.1	NA	MIFKNIGSYDLTNFSLFYNETGVEIGWGLYSKIISLFSDSPVVLFTIFSFFTFFTFYRISRLVEIKFLYVMLYYLPTGFFMMQQFMQIRQGFAIPLVIYGSVLYLSGKKYISLVFFILAILFHQSSLAFILIFISYLFFNNFLKINTSVFKFFIINILILVFGFIVARFILLDAAMDYFQRLEAYSTTDYAESVGFFSLSNIKFYIEFFLIFLLLNNRLLLNKFIVFFVFIFTVGLSLRVAFYDFGILSGRLSNTFLLIEVFLMPMLLSSRLNKIYLYIYFLLYFLVIFYVTWTFQASEFIKNNYFLPLS
LUH5554	G4786	baumannii	O27	Sv27	PSgc27	DRS005647	KC526900	AHB32357.1	NA	MIFKNIGSYDLTNFSLFYNETGVEIGWGLYSKIISLFSDSPVVLFTIFSFFTFFTFYRISRLVEIKFLYVMLYYLPTGFFMMQQFMQIRQGFAIPLVIYGSVLYLSGKKYISLVFFILAILFHQSSLAFILIFISYLFFNNFLKINTSVFKFFIINILILVFGFIVARFILLDAAMDYFQRLEAYSTTDYAESVGFFSLSNIKFYIEFFLIFLLLNNRLLLNKFIVFFVFIFTVGLSLRVAFYDFGILSGRLSNTFLLIEVFLMPMLLSSRLNKIYLYIYFLLYFLVIFYVTWTFQASEFIKNNYFLPLS
