PSgc_forms	Gene_Name	GC_percent	Number_of_AA	Pfam	CAZy	Mechansim	Homology_group	Reaction	Protein_accesion	Sequence	Genbank_protein_name	Cazy_number	Comment
PSgc1	wafA	23.5	313	Glyco_transf_52,    PF07922,    E=7.7e-44	52	Not known	17	N/A	AHB32216.1	MSDKKTSLVICFTPLQMLIAEKIVAQQPSVDLIVVALNNNEKYIYYYNNFHHPNITKQYYLFDNNKSKFFKFINIVKFNKNFKLEKFYENIYVSSIDNKYTHKILSTVNFKNLYTYDDGAANVVKNSIYFKQTFMSKLKDILFKLMGVEFNLNKIKKISRKHYTIYKGIQNIVEQTEYISIIEKKEDNRNISVDQEIKIFLGQPLKDIDKNFDVLALKKLLVMEGINYHFRHPRETDEAFFEEIKSSYIFEDFFAKELSKYRKVIIYTLSSTAALNIISLDNVEVRLINNDAINIRYPDLVRLFINSGAVLLN	Gtr13	611482	
PSgc1	wafB	30.2	358	Glycos_transf_1,    PF00534,    E=1.8e-29	4	RET	11	N/A	AHB32214.1	MNILHIAPEYKWSKIFILPIANYQIQQGNEVWISTPNALENTSELDEAKFVSWNSKYKNIFKHIGRLFLILKMVHKYKINKIYFHTTVDSTLNIFILRLFSSAQLVYVNHGVPYLGYSSIMQYILKLCEIININFSHRSITITQSMKQLLGPLNYKKKEITALIPGTLVGVKIPYSSYTDLQSARALLKTNSDNSILKILYVGRLEHRKGIYDLIEAINHTNLNCELTVLGGTANELETELDLSKVKFEGFQSDLRSYYLNADLLCVPSHHEGFGQVYLEAAAHGVIPVCCNIPGPTDFIKHNSNGFIVEAKSPDSILELFEEINLKKFDLDAIQKRAFESVQAYESSQVISNNMDHF	Gtr14	611455	
PSgc1	wafC	32	352	Glycos_transf_1,    PF00534,    E=6.2e-34	4	RET	2	N/A	AHB32213.1	MTIYFVTNGINRMAGTERVIVQLAQALEDVIILVPGSEQCAFSGCENLNIQSLEVGEFPTHNKLAKIIHRLNYFRKLKSILKRNDTVVSFSFDLNLVNIKLSKILNYTPIVCEHIEYNYHKGFRNLIRKKFYSQDTVTLVCLTETDKRKFLNDGIRTLVIPNFIHPLDSKYNSGSKKILSIGRLEFQKNFAFLIEAFHLSKIYENGWVLDIVGEGSEQKELEEKIKLLNMNEFIRIHPFTKNISKYYQDSALMCMTSRFEAFPMVLLEAMNNSLPVLVSDFPTGAREILGEGNTQIVSDYTPEAFAKLLASFCLDEDLRKTLSKQNSELIRKYYPEQIIQSWKALLEHSSKE	Gtr15	611450	
PSgc2	wafD	26.9	280	Glycos_transf_2,    PF00535,    E=1.3e-25	2	INV	1	FucNAc(R3Hb)(b1-3)GalNAc	AHB32540.1	MSNQEQPLVSVVIPCYNHENFVQHCIQSVIDQSYENIELIIIDDGSKDNSVLKINEMLEKCKERFTHFEFRYRSNKGLTSTLNEALEWCRGEYFSAIASDDLMKEKKTEKQVHFLRENQQVAAVFGGVELINDKNEIVDIRVHPDKTYTFKEIILNKHDLPASTQMARLKLIKDIGGYNTDYKIEDWYMLLKMAKKEFDIVYMKEVFCSYRFHENNFSKNMEIMGNEMKKIIAEYKDNIFYKEALKIIYKQEFNYFKNKKDYIKAFNTLFKFFIVSVVSK	WafD	611989	
PSgc2	wafE	28	364	Glycos_transf_1,    PF00534,    E=1.4e-32	4	RET	4	GalNAc(a1-3)GalNAc	AHB32539.1	MKILIIVPDLSFGGVTSVVSNLVRNLKEKFKAEIRIVTLFPKNEININDIDVIHLNISSISDILKGLLLLKNIIKEYEPDIVHSHTLYPHLFVDFLSLFYKKNYKLINSEHGTYNSTLKFYKRMNFFRILNPQAELVTNVSVASCESYINSHIVKREKIKPIYNGIDTEKYYFSQSVRNKIRKNLNIDEKIKVIGYVGRLSAEKNVTNLIEAISRIHLIDFKLIIIGDGPERVNLERLVSEKHLNDKVSFLGALSNANEYYSAFDMLVLSSNTEGLPTVILEAISSNCLVVSTDCGGVREMLPENYEFLAKPNCPEELSLVINNILKLDPLILNQIKESCFKRLEMYFSNEAMCQNWWRIYNEL	WafE	611988	
PSgc2	wafF	27.3	313	Glycos_transf_2,    PF00535,    E=1.1e-38	2	INV	1	GalNAc(b1-3)Gal	AHB32537.1	MLVSKPLISILIPVYNVEAFVKEAVLSICNQTYKNIEIIVVDDCSTDNTYNIVAELAIIDPRIRLYKNDKNSKIVKTLNFALEQAKGEFIARMDGDDISTPERLEKQLEFLLKNPQYYLVGCHVNTIDPNNRIIGKQEMPINDNIINKTIKYTSPVLHIWLAKREVYTKLKGYREIPGAEDYDFLLRMHSLGLLFTNLNSYEYSVRIREGNTTSTIGFNQRLMSNYVLDLYEMRLKTGKDDFSELNVSQYLEKYSKYKADFDQSNIFLKSAFMAKADKKFLKMLFFICLCVMKSRFQLQYLLKRLVFKIITIG	WafF	611506	
PSgc2	wafG	31	344	Glycos_transf_1,    PF00534,    E=2.5e-39	4	RET	2	Gal(a1-6)Gal	AHB32536.1	MKILFVINSLKNKSGTERVAIELANKLSLMANYDITLLNRESIKSNTAYPVSDNVNVVAFSGNFFEFYKKLKVHLSFHSYDMVIVHNMGKLSLLCALLPKIKKLVTLEHVSFVSRPKKVQILSKFFYKWVDQVVTLTQKDKEQFDKFHSKVIVIPNFSPFPIISESPLSSKQIVTIGRLTDQKNYLHLLKAWKKIYQMIPEWHLNIYGEGEHKKMLQDYIEENSLQRVILKGSTSNVQEVYRQSDFFVMSSKYEGLPMVLVEAQSFGLPIVSYDCPFGPSDVIQNHKNGLLVENQNIEALANAILQLASSPDMLAQFSQNSLINAKKYQPEQILKVWIEKVLEG	WafG	611505	
PSgc2	wafH	34.4	275	Glycos_transf_2,    PF00535,    E=3.9e-22	2	INV	1	Gal(b1-3)GalNAc	AHB32535.1	MFSVLLSLYHKEKPEYLEKCFESIWDNQSLKPSEIVLVLDGPIGQQLTTSVQEWQVKIGEKLKVVALPQNVGLGKALNEGLKQCSADWVFRMDTDDICTSDRFEKQLAFIKQNPDVVLFSSQVVEFNQDIADADVIKSVPLTHDEIKKFAQKRCPFNHMTVVYKRDVILSLGGYQHHLFMEDYNLWLRVIGNNYKVANLPDVLLYARVGNGMHARRKGFQYIKSEKQLLDLKKQLKLQNPVYANMLFLIRSAFRLLPANMLGKIYNTFLRKDIKK	WafH	3450529	
PSgc3	wafH	33.2	276	Glycos_transf_2,    PF00535,    E=8.2e-26	2	INV	1	N/A	AHB32564.1	MHFSILCSLYFKEKPEYFEKCFTSIWDNQNLKPSEIVLVLDGSIGDELEACVQRWQLKIGDCLKVVELPQNVGLGKALNEGLKQCSYDWVFRMDTDDICTPDRFEKQVAFIKQNPDVVLFSGQVMEFDKDITDANVLKAVPITYEEIREFAQKRCPFNHMTVAYKRDVILGLGGYQHHLFMEDYNLWLRVIGNNYKVANLPDVLLYARVGNGMHARRKGFQYIKSEKQLLDLKKQLKLQNPLYANMLFLVRSAFRLLPANLLGKIYNTFLRKDIKK	Gtr5	611508	
PSgc3	wafJ	26.6	315	Glycos_transf_2,    PF00535,    E=9e-36	2	INV	1	N/A	AHB32561.2	MLISVILPAYNAEKYIKEAIDSVLAQSLKDFEFIIINDGSIDKTEEIVLSYSDERIVYVKNHKNLGLIKTLNKGIGLAVGKYIIRMDADDICMPQRFEMQINFLEKNLEYGVVGSCALIHGTKDLYIVPESDEDIKNYMFIDSPFIHPSVCIRARLLKENLYSEDFFRIEDYELWVRLAQKTKFYNIQETLLKYRVIDGSESHLLKKQIERKNEMMGRVLRILFEHNKIDLTDKELINYIYLLNKNNFSKIEYVYLNSAMKKIELNNKKIVGTLSIRWLGSFALHKQNIFNNLYYLFFSKWTYWGGVRYFNKVLK	Gtr152	611990	Part of sequence missing in genbank, sequence taken from cazy
PSgc3	wafK	27.2	363	Glycos_transf_1,    PF00534,    E=3.2e-28	4	RET	2	N/A	AHB32562.1	MKEIIFVVHSFDASYIGGVLKITSDLANALSRRGFSVKILSLGRVYKPAFALNENIIMESMNIDKYSTQFYSGLKKILWFKQTYKALSSYILQNINSIFILSSPPLNIIFSVLKLKYPNTQMVGCDHTSTSYKANNLIGKLKFNLYNRLDKFIALTEEDNKFYLSQGIHSVYIPNFIEPIKNSYPGSKRNYLLFVGRFSLEKRPLLALEIYKKSKLWEKGIKFRMFGDGPLYNEMKNFININALEDYVEIIQKVSDPNVIYKDAYALIMTSSVEGFGMVLLEAISRNIPSIAFDVNYGPRTIIQHGINGFLIEDGDLDNFNSYLHQIGSKIPEIINETVKYFNIDNVILNWIQLFADLEGRKL	Gtr153	611507	
PSgc4	wafG	31.8	344	Glycos_transf_1,    PF00534,    E=1.2e-39	4	RET	2	N/A	AHB32665.1	MKILFIINSLKNKSGTERVAIELANKLSLMTNYEVTLLNRESIKSNTAYPVSDNVNVVAISGNFFEFYKKLKIHLSLHSYDIVIVHNMGKLSLLCTLLPKIKKLVILEHVSFVSRPKKVQVLSKFFYKWVDQVVTLTQKDKEQFNKFHSKVIVIPNFSPFPIVSESPLSRKQIVTIGRLTDQKNYLHLLKAWKKIYQMIPEWHLNIYGEGEHKKMLQDYIEENSLQRVILKGSTSNVQEVYRQSDFFVMSSKYEGLPMVLVEAQSFGLPIVSYDCPFGPSDVIQNHKNGLLVENQNIEALADAILQIASSPDMLAQFSQNSLINAKKYQPEQILKVWIEKVLEG	WafG	611513	
PSgc4	wafH	34.2	275	Glycos_transf_2,    PF00535,    E=9.4e-22	2	INV	1	N/A	AHB32664.1	MFSVLLSLYHKEKPEYLEKCFESIWDNQSLKPSEIVLVLDGPIGEQLTTSVQEWQVKIGEKLKVVALPENVGLGKALNEGLKQCSADWVFRMDTDDICTSDRFEKQLAFIKQNPNVVLFSSQVMEFNQDITDADVIKSVPLTHDEIKKFAQKRCPFNHMTVVYKRDVILSLGGYQHHLFMEDYNLWLRVIGNNYKVANLPDVLLYARVGNGMHARRKGFQYIKSEKQLLDLKKQLKLQNPVYANMLFLIRSAFRLLPANMLGKIYNTFLRKDIKK	WafH	611456	
PSgc4	wafL	26.4	315	Glycos_transf_2,    PF00535,    E=4.1e-28	2	INV	5	N/A	AHB32668.1	MIILSVIVPIYKVEEYIVECIESICNQLISGVEIILVNDGTPDTSMALARNYIAQKYPHFENQFVFIDQKNQGQSVARNNALKIAKGEYVGFLDSDDYLLPNYFYELMKVINEKNVEIIHFNAKQYTEDQGYIDSMCFVKENKVSINNELYREKLFLQAYWYPWLRVIRKDVLNKFQFDANVYMEDKLLFPKIYYFTDGCEIFEMKKELVCYRHRDGSSIRSGYPEPLLKGIDLGIKKFIPTSEAPLYSIIYNQFLAQKISTMIDREQSFFSIYFFALNEVGNIKLNYKISYKVFLLKYCTLIYIAILKLRNFFR	WafL	611996	
PSgc4	wafM	25.3	327	Glycos_transf_2,    PF00535,    E=5.3e-34	2	INV	5	N/A	AHB32667.1	MKKLSIVIPAFNAENYIINTLVSMVNQPVDFNNIELIVVNDGSSDKTLESVEQFSKGVPGITLNIYSKENGGLGSARNFGIEKAKGDYIWFFDADDIMEKGSLSKVMSKLNDDLDLLGFGVKETYVKTNKIKVVNVKNRPINVVVNGRNYIENYDIGHSACCFIVKKSILIENSIYFLEDVLSEDFDFELRLFEKCKNITHIDAICYNYIIREGSLSRRKNSEYYTFHHRSMIKIIDNLNLNFRKSKDLDYKKSVEIYITRIKIIALINLLKSTLPKDKVNLFFQQFKQGGFLELADYRKSKLGWKHYIVFTLVNFNLIELFLFFKK	WafM	611514	
PSgc5	wafN	28.4	392	Glycos_transf_1,    PF00534,    E=5.5e-11	4	RET	18	FucNAc(a1-4)GalNAcA	AHB32241.1	MAKILFTGAFRFPDGDAASLRLNNMINILKPYYDEILVCGWEQKNKSLIDNQFYLHNSIKCFPQAELDNNSTTLLEKFGSFIYKGERTLNWIENYFKKDTIEIIVVYNPPALFALKLISLCKKYNIKLILDSTEWYDSSHLPMGRFGLPAIENFIRMHYVYPKIPNIISISHYLNNYYSKKSHRPNINQMVLPIVLDCHLAAEKPSIEQGINFIYAGNLGKKDNIIDFINYLPTLHQQLNCPILFNIAGVTFSQLKDLLGSENFDRIQSYIKCHGRLSRSDVIDLYSKSHFSVLFRDDKRYAHAGFPTKLVESWSMATPVICNPIGDITLYAQHGENACIVNDINEVAKFLGDVLKNNQYKYMQQQCQETIELKLSNKVYSNQLLEFFRRLK	Gtr21	3135049	
PSgc5	wafO	28.4	381	Glycos_transf_1,    PF00534,    E=3e-20	4	RET	19	GalNAcA(a1-3)LN/AFucNAc	AHB32240.1	MNIVFQYYKGSGGALINIKHMLEAIILQNPNWNFVIVCNKTSVLSEIETPYNNLTYEYIVESNLPSEIGRLIFFTFKLKKIVEKYSADIIWSMNVGPYVKTSAYHVLSLNNAFQVCDANLLEIHPSGSFRVSLLRFFFRLSMRYTNLTILQTPFMEKLVKKNFHNTKTVVAKKSVGISNNLSNDKNIGCKKINPDDFNIIYVATDYPYKRHLLLLKALNLFNNEIPNLKLIVTLTYEQCLNIDFDLTTELHRKGILICLGWVQPKELESLYKSSKIAVMPSLIESLSSSHIEAMFWGIPQITSNLAYAKDLCKEAAYYVVDHESPQAWKDAIITLYNNPSLYEQLIQQGYREAKMLPQSWNDAANTISKEFSKIMGEDKYV	Gtr22	611470	
PSgc5	wafP	30.7	350	Glycos_transf_1,    PF00534,    E=2.1e-13	4	RET	8	FucNAc(a1-3)GlcNAc	AHB32239.2	MMQQILLAKNFLKLWERTSMFKDKVLLITGGTGSFGNAVLKRFLETDIKEIRIFSRDEKKQDDMRKKYHSAKLKFYIGDVRDYNSILNATRGVDYIYHAAALKQVPSCEFHPMEAVKTNVLGTENVLEAAIQNHVKRVVCLSTDKAVYPINAMGISKAMMEKVMVAKSRNLEGLDTVICGTRYGNVMASRGSVIPLFVDQIRQGKPLTITDPNMTRFMMTLEDAVDLVLYAFEHGENGDIFVQKAPAATIAVLAEALKQLLNVEDHPISIMGTRHGEKAFEALLSREEMVHAFDQGDYFRVPADQRDLNYEKYVEDGDLKITEFEDYNSHNTTRLDVEGMKQLLLKLDFVRALTRGEYISPEA	FnlA		Not in Cazy
PSgc6	wafS	30.7	343	Glycos_transf_1,    PF00534,    E=1.2e-24	4	RET	4	N/A	AHB32265.2	MFNIIYHLLLQQQNVTVVIMSRGKQNGWERLQSFPNLDLIIYDYASEKKAILPLILGLIQLSMKCKFNLLFSSHTHINGLLSFLKKIGFFRGSILVSRESTFIFDRFFGIKRFIFKFIYRFFYGQQNLIICQTQKMKNSLESALGYIPGKEMVVIPNPVNIDYIKSSISTVEKDNIIVGCGRFIPLKKFDFLLQAFEQLDSKYAHYKLVLIGEGPEAEKLEKMAKDLGVAEKVIFTGKINNPIQWFANARVGVISSEIEGFPNVLIEMMASGIDYAISTPCTDGVYELPNIIVTADCSIGEIKKALERALEHQLSYSEEYKEYIKKERSVASFWDRVLELTKS	Gtr71	611980	Length 363 in genbank, sequence taken from cazy
PSgc6	wafT	37.8	368	Glycos_transf_1,    PF00534,    E=7e-31	4	RET	3	N/A	AHB32264.2	MNFRGKLLQAIQSQGFEIHIIAPDLRLFKTEQQELEALGYHIHEIPMQRTGTNPISDLKTLWATYRLIQEVKPDYVLSYTIKPVIYGTLAAWLAKVPHRFALITGLGYAFQNVEQGSSRSFFQKLVHGLYQYALLHSHKVFFQNPDDQQLFRELNLIDHNKPTVVVNGSGVNVQDFTVVEPPKSHSGQLKVSFLLIARLLVDKGVREYAEAAKQIKQSYPETEFHLVGWIDENPTAITQQELDEWIADGRLNYWGKLSDVRPAIEASSVYVLPSYREGTPRTVLEAMAMGRAIITTNAPGCKETVIHGDNGYLVEVRSVQSLLEAMTKLINAPELIEKMSKKSREIALNKYDVDAVNKHMLTEMGLLK	Gtr40	611484	Length 381 in genbank, sequence taken from cazy
PSgc8	wafX	26.5	302	Glycos_transf_2,    PF00535,    E=6.6e-26	2	INV	10	N/A	AHB32312.1	MVLGCDVSIIIVNYNTYNLVLQCIESVIKNTKKISYEIIVVDNNSPNREIEKLNEIYPNVKLVLNTKNSGFGIANNIGNKYANGKFLFLLNSDTIVLDNSIYTLYKFMVENPCVGACGGNLCDIDLKPATSFTRFMPSILSDIDSLLFNGISRILYNKDSFYSTETSPFKISGNISGADLMLSKAVFDELGGFDENFFMYYEETDLLFRLRNKGYQTYIVPTSKIIHLEGASETFKPIKLDWTHQSKKKYYIKNKTRFEFMLSNIIFKLMVMQRLFIFKIINNEGKYSYWLSLYKWLRSKNM	Gtr154	611983	
PSgc8	wafY	33.1	329	Glycos_transf_1,    PF00534,    E=7.3e-37	4	RET	2	N/A	AHB32306.1	MKKLEHLTGKKILFLCVQTFDLEKGIVQQLEKHGAQVTYFDERPKNNNFTKGLIRLKRDLLQRKINKYYNNILKKLKNEKFDYLLVNRGEVVPSFFLEKFIQLQPQCVRIFYTWDSFHNHSHGLKILHYFHKRFTFDKKDAEKYKIGFRPLYFTDKYRDIYDNMNQKEIDVLFLGTAHSDRYIISNKVKDWCTENGLTTFNYYYMQGRLVYFYKKFFDKTFYDFDFSKLSFRGLSLDEIIKLYAKSNVILDISHPGQSGLTMRTFEAIGAGKKLITTNLNIKEYPFYNSDNIFIISRDKLVLEKDFFLREYRPLATELYNKCSIDGWLEDIFLGEENNYWMNFKYS	Gtr29		Not in cazy
PSgc8	wafZ	28.1	266	Glycos_transf_2,    PF00535,    E=3.7e-33	2	INV	1	N/A	AHB32309.1	MEESSLLISVVIPMYNASNTIVDVLNSVKEQTLKCNYEVLVVNDGSKDNSKDIVEKYIAENKDFNVILIDKPNGGVSTARNAGLSQSKGDLIAFLDSDDKWFSNKLEKQMNLLNEHPEIDLLGCAFDGLYLENEPDGKLLKIEINNLIFKNYFQPSTVIMKRKVFKEVGYFDENQKYAEEGNYFIRIANKFNCFFCNMKVINYGDGKSGFGASGLSANLKEMHKGFIKNLKFAYKNNLITFNKYILARTIEQLKYIRRIVIVGLKK	Gtr60	611488	
PSgc8	wagB	25.8	346	N/A	N/A	N/A	7	N/A	AHB32310.2	MTPAGGIERVISTLANHFSDFMEVTILVKDQAYSHYPLSDKVKLVSLNSSLNLDMNNKFKRMGQAGINLLQSTAKLKQHLAVNEYDLYYLAHPMNVLEFHLARGIDKKVIITEHGGINAYNFIYKKIKQWLYPKARCYVVPTTSDAKAYAAVGLPVVYIPHFKSSLKYVSSDLSNKVVLSIGRMTEAKRQWIMIDLWNKIVNEHHIKDWKLHLVGNGNLYEQLSNKILTLGLQEYVKILPPIQDVEKYYKSASAFMLTSHSEGFGMVLLEAISFGLPCISYDCPSGPKDIIENDVNGYLIPMDDFEALKKATLDLLTNPEKLNKLAAGAYSTSFNWNDEAVLSKWKKVLY	Gtr27	2732794	Unsure, length 350 in both cazy and genbank
PSgc9	wafG	30.6	344	Glycos_transf_1,    PF00534,    E=3.2e-38	4	RET	2	N/A	AHB32889.1	MKILFLINSLKSKSGSERVAVELANKMAAIGSYNITLLNRESIKENAAYPIADNVEVIALSGSLFEFYKKLKKQISSNNYDVVVVHNMGKLSLLCAFVPNIKKLVVLEHVSFISRPKKIQILSKFLYRNIDQVVTLTQNDKEQFDKFHSNVIVIPNFSPFSIASQPQNNNKQIVTIGRLTDQKNYIHLLQAWKKIYQSIPDWQLNIYGEGEHEEMLQDYIKQHSLKNVSLKGSTSNVKEVYEQSSFFVMSSKYEGLPMVLIEAQSFGLPIVSYNCPYGPSDVIRDSKNGFLVEDQNVEELAAAILKLALSPQLLEQFSQSSLLNAKKYQPEQILKIWIEKVLEG	Gtr8	611457	
PSgc9	wafH	31	275	Glycos_transf_2,    PF00535,    E=9.4e-21	2	INV	1	N/A	AHB32890.1	MFSVLSSIYHKEQPEHFNTCMESIWDNQTLKPTEIVLIEDGPLTPELDQVIAQWQKKLGNILRVTKLEKNVGTGKAKNIGLQECNYDIVSIVDTDDIYVPERFEKQIKFLQQNPEISIVGGQIFEFIEDIGNPVGMRKVPLSNEELRNYAKKQSPFNNMTITYRKSHILEVGGYQHHLWMEDYNLFLRVIAKGYKIENLPDVLVYARIDNGMHGRRKGLQYIKSEKQLLDLKKQLKLQNPLYANMLFLVRSAFRLLPANLLGTIYNTFLRKDIKK	Gtr9	611452	
PSgc9	wafV	25.9	387	Glycos_transf_1,    PF00534,    E=6.9e-11	4	RET	12	N/A	AHB32886.1	MKIGLTKFNYPEIRCVTTSQENDYINLKKYNIYYYFNNIPVIKNYFHRFLFKPISVKNVDVIHSFNDICLTNNKWVVTFETMLPRFLDILSNHKNLNPEYIYNDEINKYLEVVARDNCLGVIALSKSAKKIQSDILKAYPKVRDKIEKKMFVLYPPQKIYTTQHEIEEKVLKPLKLIFVGNDFYLKGGAECILAINELLEEGIISENEIMLTVVGILNRTHNYSFGIYQDDSDFSKNINTIIMNRKNIKIYSNVDNNKVIEMIREHHIGLLPTWADTFGYSVLEFQACGCPVISTDVRALSEINNNDIGWLINVDKNKYGEIVVDSYSKKDLCRRTIIDQLKKHILSAYENPNVVINKGVESLNRIKKEHSIDYYNDKIKSVYTIGI	Gtr6	3242095	
PSgc9	wafW	28.7	363	N/A	N/A	N/A	13	N/A	AHB32887.1	MKILHAAYMKDASSGIVNQMYWEQEAAKELGISWKSILFVQNPNGFHNNEIVTVCNDIMGGELKKWFKAKKSYYSWLEGIMQEYDVLIIRHSLCDPFEPFFIRKMIKPVYIMHHTFEIDELYSYNYGVKTKIKSLMEIYFGKKSISYSKGIVAVTKEIFLYENSRVNGKFKKEIVYPNGIISQHDIILDDRNDNIPEIVFIASYFNGWHGLDLLLHNLSSINDDFILHIVGDVSVEDELLAKKDSRVILHGHLNNIEISQLMSKMWIGLASFGLFRKGMKEACTLKVREYLNYGLPIYSGHKDIFPEEFEYYKFGEPKFVDILSFAHLMRKVSKSDVKQAAIKFIDKKILLKELYEQLLEEKS	Gtr7		Not in Cazy
PSgc10	wagC	28.2	366	Glycos_transf_1,    PF00534,    E=8.7e-09	4	RET	20	ManNAc(a1-3)Rha	AHB32410.1	MKIAYCIRENWKSTLGGDVVQMLQTKAEIEKNYDVEIQVMETYQDLKKFQPDIVHIFNMQTLEESSKYLSEAKELGCITVLSTIYWDLSHARFIVNFAKFGIFCNGEGFRNLYHLYNHSEAFISKIIGKPTSATNKYKNRVKNFLKEFDIFLPNSEEEMQIINKLFNEAYTNYSVIPNSVDFDKFLFSNNSNRNGFISAARIEPIKNQLMLAKIAKRNAYNLTLVGGFTENNINYVNKVRSICENQSKIELITQNIDQKILGNMFQQHKVHILASFRESPGLSSLEAIGSGLNLVVSESDFCPTHTYFDSLIDKHVFICDPYSEKSIHQAMKLAHESQSPEANLIKRFSWHNTAVQTYQVYSKFIC	Gtr155	611984	
PSgc10	wagD	28.8	295	Glycos_transf_2,    PF00535,    E=9.4e-14	2	INV	6	Rha(a1-2)Rha	AHB32412.1	MKFSAIIVTYNPNLNIFKLINVLKLQGITSIVVDNASKDFDFKGVENDQNCYLVRLENNLGIATAQNKGIEKAIELGAEQILFFDQDSSIPEDYIENLYADYELLMRNNIDIGAIGPRFIDDRYNFYYKTISVTRNGFRIKHDVSNIDKPLHSTLLISSGSMISINTLKKVGLMRDNYFIDYVDTEWCLRAESLGYKNFISAKAVMRHTIGDNVINLKFFNVPVHSAFRRYYRVRNAFYMMREPHVPIILAIREIFFSFIHQIILISFERNKSGYLKSYFKGLRDGIAKRETAND	Gtr156	611495	
PSgc10	wagE	31.3	267	Glycos_transf_2,    PF00535,    E=9.7e-12	2	INV	9	Rha(a1-3)Rha/GlcNAc	AHB32413.1	MIKIVSSIVIYKHTYVELQDTLNCLIASNHIKKIILVDNDESDWASTFGHDKVIYLKSKGNFGFGYGHNQAINKYATDCDFFLICNPDIMFEESEFNNLVEFASRRTEGLFLPKIVYTNGENQFGARLLPTPLNLFARRFSKKWAMSLDQEYLLKGYSIQQPIFAPYLSGCFMLFRSSALLDLKGFDERFFMYMEDVDLSRRCAKMFGTMYYPHAQIVHVHEQASYKNKQLLKAHLKSAIQYFNKWGWFYDIDRSKLNKKCLNQFHI	Gtr157	611496	
PSgc11	wafF	27.7	303	Glycos_transf_2,    PF00535,    E=1.1e-36	2	INV	1	GalNAc(b1-3)Gal	AHB32511.1	MIPVYNVEAFVKEAVFSICNQTYKNIEIIVVDDCSTDNTYNIVAELAMIDPRIRLYKNDKNLKIVKTLNFALEQAKGEFIARMDGDDISTPERLEKQLEFLLKNPQYYLVGCHVNTIDPNNRIIGKQEMPINDNIINKTIKYSSPVLHIWLAKREVYTKLKGYREIPGAEDYDFLLRMHSLGLLFTNLNSYEYSVRIRDGNTTSTIGFNQRLMSNYVLDLYEMRLKTGKDDFSELNVSQYLEKYSKYKADFDQSNIFLKSAFMAKADKKFLKMLFFIGLCVMKSRFQLQYLLKRLVFKIITIG	WafF	611987	
PSgc11	wafG	31.7	344	Glycos_transf_1,    PF00534,    E=1.4e-39	4	RET	2	Gal(a1-6)Gal	AHB32512.1	MKILFVINSLKNKSGTERVAIELANKLSLMANYDVTLLNRESNKSNTAYPVSDNVNVVAISGNFFEFYKKLKIHLSLHSYNIVIVHNMGKLSLLCTLLPKIKKLVILEHVSFVSRPKKVQVLSKFFYKWVDQVVTLTQKDKEQFDKFHSKVIVIPNFSPFPIVSESPLSRKQIVTIGRLTDQKNYLHLLKAWKKIYQIIPEWHLNIYGEGEHKKMLQDYIEENSLQRVILKGSTSNVQEVYRQSDFFVMSSKYEGLPMVLVEAQSFGLPIVSYDCPFGPSDVIQNHKNGLLVENQNIEALADAILQLASSPDMLAQFSQNSLINAKKYQPEQILKVWIEKVLEG	WafG	611504	
PSgc11	wafH	34.5	275	Glycos_transf_2,    PF00535,    E=1.4e-22	2	INV	1	Gal(b1-3)GalNAc	AHB32513.1	MFSVLLSLYHKEKPEYLEKCFESIWDNQSLKPSEIVLVLDGPIGEQLTTSVQEWQVKIAEKLKVVALPQNVGLGKALNEGLKQCSADWVFRMDTDDICTSDRFEKQLAFIEQNPDVILFGSQVIEFNQDIADADVIKSVPLTHDEIKKFAQKRCPFNHMTVVYKRDVILSLGGYQHHLFMEDYNLWLRVIGNNYKVANLPDVLLYARVGNGMHARRKGFQYIKSEKQLLDLKKQLKLQNPVYANMLFLIRSAFRLLPANMLGKIYNTFLRKDIKK	WafH	611462	
PSgc11	wafL	26.1	315	Glycos_transf_2,    PF00535,    E=5e-28	2	INV	5	Glc(b1-6)GalNAc	AHB32509.1	MIILSIIVPIYKVEEYIVECIESICNQLISGVEIILINDGTPDRSMALARNYIAQKYPHFEKQFVFIDQKNQGQSVARNNALKIAKGEYVGFLDSDDYLLPNYFYELIKVINEKKVEIIHFNAKQYDTDKGYVENICFVTHSKISINDESYREKLFLQSYWYPWLRVIKKDILSKFAFDINVYMEDKLYFPKIYYFANGLEIFELQKELICYRHREGSSIRSGYPAPLLNGIDLGIKKFIPTNKYPLYSIIYNQFLSQKISIMIDRGQSLSTVYSFVISEEANIKLNYRVSYKIFLLKYFPFIYLVLLKLKKKWV	WafL	611986	
PSgc12	wafH	34.3	277	Glycos_transf_2,    PF00535,    E=2.3e-23	2	INV	1	N/A	AHB32777.1	MLQFSVLLSLYFKEKPEYLEKCFASIWDNQSLEPSEIVLVLDGSIGDELDACVQKWKLKIGDCLKVVALPQNVGLGKALNEGLKQCSYDWVFRMDTDDICTPDRFEKQVAFIKQNPDVVLFSGQVMEFDKDITDANVLKAVPITYEEIREFAQKRCPFNHMTVAYKRDVILGLGGYQHHLFMEDYNLWLRVIGNNYKVANLPDVLLYARVGNGMHARRKGFQYIKSEKQLLDLKKQLKLQNPLYANMLFLVRSAFRLLPANLLGTIYNTFLRKDIKK	Gtr5	611468	There are more GTs in the accession
PSgc13	wafT	33.4	387	Glycos_transf_1,    PF00534,    E=2.3e-27	4	RET	3	N/A	AHB32384.2	MKFLMISSFLPSVLNFRGKLLEAIHHQSHEIHIIAPDLELFQPEMDKLKSLGYSVYSVEMQRTGTNPIADIKTLFEIYKITKKIKPDYVLSYTIKPVIYGTLAAYLAKVPNRFSLITGLGYAFQNVDSTSKRSTFQKIVHWLYKQALIRSSKVFFQNPDDLALFKQLNLLSNKVPAVVVNGSGVNVTDFEVVNLPRAVNGEVRVSFLLIARLLQDKGIREYVEAAKLIKKEYPQIEFNLVGWIDENPTAIKQQELDSWIDGKIIKYWGKLSDVRPAIAESSIYVLPSYREGTPRTVLEAMSMGRAIITTDAPGCRETVEHDGNGYLVEVKSVTSLEMAMRKFIQNPELTEIMGTRSREIALHKYDVHQVNHHMMTEMGIK	Gtr2	2732756	Not sure, length in cazy and genbank is 380
PSgc13	wagJ	29.1	351	Glycos_transf_1,    PF00534,    E=6.8e-33	4	RET	4	N/A	AHB32387.2	MKVMLFITGLGMGGAEKVVCELADKLYELGHEVCIVYFTGEIIRRPKNNINIIYIPLKISSLIFSVYSVMKLVDQWKPDVIHSHMFHANIIARLVKIRRKNIRIICSSHSNYEGGALRMMMYAMTEKLCDVHTNVSSNAATALMHAGAVRKRKIKAVYNGINIKDYHFDEVENKYLHKAFNLKNEAKTILAIGRIDTPKDYPNLLKAFKIIYEIDNSVHLFIAGNGPKKEEIMLLANNLGINSNVKFLGIRNDIPKLLNSCDLFISSSAWEGFGLAILEAMICKKPIVATETDGAKELLNNENLVEIGNPELLAKKALQKLNSNLGLIEYSGIESFDWNEISKTWLSLYEGKDF	Gtr1	2732757	Not sure, length in cazy and genbank is 354
PSgc14	wagE	35.5	271	Glycos_transf_2,    PF00535,    E=3e-14	2	INV	9	N/A	AHB32685.1	MVDNMPKTIASIVLYKHSYAELKATLDSLFATPSIEKVILVDNHSSNWAATLQHPKVVYEKSAGNFGFGYGHNIAIRKYASESDYFLICNPDICFKPEQFARLLDFVQSRSEGLFLPKIVYDNGEDQHGARLLPTPLNLFARRFSPSFAKKLDQQYLLKDYSLDQPCFVPYLSGCFMLFDAEKLLAIKGFDERFFMYMEDVDLSRRCAEQFGAVYYPLAQVVHVHEQASYKNKQLLKAHLKSAIQYFNKWGWIYDMGRSRLNAKCLDQISK	Gtr82	611515	
PSgc14	wagK	31.9	287	Glycos_transf_2,    PF00535,    E=9.7e-05	2	INV	15	N/A	AHB32695.1	MNNNKIALVVIVYGKALEDAMTIQSLLSFEEKLEHLLIVNNGPAVIDENSAVLTSLAQKHHHVVLENQVQNKPLSWIYNDFIQQYDADYYVLFDDDTEINIEYQNMLFTAQDIDIELPKIISMSDKAQYYPLVDGVIEQKDGIISNAKEVFSIGSGLVISKGVKEYFIENKMELFDSHFALYGVDFSFFRKINRIKQKSKVFNISSRSYINHSLSRAEKETSEWRDKERLYDLVLTLKYYYSYAELRILKLFLRKILGGKIKDALLILSTAFNGAHPRCSTNRKDIY	Gtr78	611517	
PSgc14	wagL	30.3	361	Glycos_transf_1,    PF00534,    E=1.6e-09	4	RET	14	N/A	AHB32688.1	MKKVFFLTNAVDLANSSDGLAKKIHAQTKAFQDCGYATELAGCSGDFYKIGEHQFSIQEAGVFKKTDEILKKVEKYILEQESYEILYIRKFYFTPKFLSFLKNIRQKFKSILLELPTYPYYGELQTTKAKIGFWIECFLVIRKLYKYIDKVVTFSSDKKIYGIDCIKISNGIDSSEQIYFEEPSRDVIHFISVSSISFWHGIDRFILALKNHGEDNVHFHVVGGDNEVSLSLQSMVSEYGLKDKVTFHGHKSGDELKAIYAMSHIGVGSLGRHRSNIYYLNSLKNREYIAKGLPVIYSEIDDGLENLFYVYKVSPNEEPIIVNDIISWFKTSDINRMDVLRDSDKFLWKSQIQAILRNLET	Gtr145		Not in Cazy
PSgc14	wagM	30.8	299	Glycos_transf_2,    PF00535,    E=3.6e-10	2	INV	6	N/A	AHB32686.1	MNSAIIVLFNPDLIHLNNFIGQLSGQIDKIILVDNTPYSLKQYGNDEFSEENIIYIDLKDNLGIATAHNAGIKKAIEIDSEYVIIFDQDSSVPEGFVNSLVSVDKILRSEGKKIAAVGPSYIDIKTNTMAPVIQFNGLKVNRIIPKEEELYTSADYIISSGTLIHVDAFKTVGLMMEELFIDYVDLEWGLRAKKMGYHCFVANHVVMKHSIGDRSIKVPFSNKHVNIHSDFRKYFIIRNAFFLILYSNLQANWRIVQIPKTFMYFGFLCLFVSPRLNNVKIFFQAFRDAVTKKMGKGSM	Gtr112	611516	
PSgc15	wagN	28.5	297	Glycos_transf_2,    PF00535,    E=9.9e-28	2	INV	1	N/A	AHB32491.1	MSIELTIFTPSYNRAHTLPRVYQSLKEQTLQNFEWLIIDDGSVDDTEKVVSEFINEQKLKIRYIKQENVGKQAAWNKAIAMAEGRIFCCLDSDDALYSRYNVDDIFTKYSSFFERDDVVGLRFLAYSNVKNTYDGDEVSKTIVVRTYFYELSNHKNYGERIDFIKTHVIKNFLFPVEKDIKFIPEIWFYVALAKAGYSFVYIPEPARIFFDDDPNNRLSRSSIRKHAKGHYISRAKILCDTPLEVYMTNPRVWIASLIRFSQCANYLNISFKKRKEDVGLLYAFLSYLLFISIFSFR	Gtr88	611503	
PSgc15	wagO	33.4	367	Glycos_transf_1,    PF00534,    E=1.7e-31	4	RET	4	N/A	AHB32489.1	MNILYLITGLGGGGAEKVVADLADQMHLRGHHVKIAYLKGEAIVKPQSGDIELICLELNKVTQFGSAFKKFKTVIEQFKPDVVHAHMVHANIFARLARKYVSFPRLICTAHSNNEGGRLRMLAYRLTHALADMTTNVSQQACESFVRLGAVPKGEIFTVYNGIDLRKFNYSEQARIQTRKLLKIEDHTLMFLAVGRFHEAKNYPLLINAFAEFVQTTSNKKELITAKLYIAGDGELRSVIEELIAKYRLEEKVILLGRRDDVPALMCASDYFVLSSAYEGFGLVVAEAMACNNFVIATNCGGVSEVMGGTGLLVDSQEKDKLVNAFFTASQLCSEEIAQNNIQAMKYINEKFNLDNVVNQWLNIYAK	Gtr49	611502	
PSgc15	wagP	35.6	385	Glycos_transf_1,    PF00534,    E=2.8e-34	4	RET	3	N/A	AHB32488.1	MQNKKIVLIGTTGSSFYGFRADLIRSLVANGHQVYAFTSEYTENCLDKIKALGAEPITYQLSRGGLNPFADIASTYQLIRKIKKIKPDIVFSYFAKPVIYGTLAASFAKVPHIIGMLEGLGYTFTAQPEGQSSKTKLIRNIQVLLYRLAFPRLDDMIFLNPDDEKDLIHTYTLPVKKVHILGGIGLDLKEYSYSVAPVSPVSFLFIGRLLKEKGIFEFIDAIRIVKHKYPNTKFTILGGLDTQNMGALSKSQLDELIAEGLFEYPGHVSNVKDWIANSSVFVLPSYREGVPRSTQEAMAIGRPVITTDVPGCRETVINDVNGFIVPCWDAKALAEKMCFFIESPSQINLMGLESMKMAHQKFDAEKVNNRLFEIMGLNSSYEKIG	Gtr50	611501	
PSgc17	wafX	24.5	300	Glycos_transf_2,    PF00535,    E=1e-25	2	INV	10	N/A	AHB32461.1	MVLGCDVSIIIVNYNTYNLVLQCIESVIKNTKKISYEIIVVDNNSPNREIEKLNEIYPNVKLVLNTKNSGFGIANNIGNKYANGKFLFLLNSDTIVLDNSIYTLYKFMVENPCVGACGGNLCDINLKPATSFTRFMPSFLSDIDYLFLNMFSKIIYRNNLYYCYSETPIKINGNISGADLMIVKQVFDELGGFDENFFMYYEETDLLFRLRKRKYQTFIVPESKIIHLEGASETIKETRLNWTYESKEKYYLKNKSKLSLTISNMIFYLTVLQRLVLFKVLRNKGKYDYWMSFYNWLHSK	Gtr26	611985	
PSgc17	wafY	32.6	359	Glycos_transf_1,    PF00534,    E=9.1e-37	4	RET	2	N/A	AHB32463.1	MKILFYFNSMTPAGGIERVISTLANHFSDFMEVTILVKDQAYSHYPLSDKVKLVSLNSSLNLDMNNKFKRMGQAGINLLQSTAKLKQHLAVNEYDLYYLAHPMNVLEFHLARGIDKKVIITEHGGINAYNFIYKKIKQWLYPKARCYVVPTTSDAKAYAAVGLPVVYIPHFKSSLKYVSSDLSNKVVLSIGRMTEAKRQWIMIDLWNKIVNEHHIKDWKLHLVGNGNLYEQLSNKILTLGLQEYVKILPPIQDVEKYYKSASAFMLTSHSEGFGMVLLEAISFGLPCISYDCPSGPKDIIENDVNGYLIPMDDFEALKKATLDLLTNPEKLNKLAAGAYSTSFNWNDEAVLSKWKKILY	Gtr27	611499	
PSgc17	wafZ	26.6	261	Glycos_transf_2,    PF00535,    E=1.8e-35	2	INV	1	N/A	AHB32464.1	MEENSLLISVVIPMYNSANTIVKALDSVKNQSYICNYEVLVVNDGSVDESQHIVENYISKNKDEKFKIILLNQNNSGVSKARNTGLRFAKGDFIAFLDSDDYWVSHKIERQIIFLNNNFDFVCALRNNEKIVFPYKLIENRYANISLKKLLFKVVGQTSTALFKRHILENTGFFDENQRYSEDANYWMRIAKNNKMIILNETLVETDNDYGQNGLSSNLAQMEKGVRKNIQEMYSSGAITLLEFIFFNFYSYLKYLRRCYL	Gtr28	611500	
PSgc17	wagB	25.7	347	N/A	N/A	N/A	7	N/A	AHB32467.1	MKKLEHLTGKKILFLCVQTFDLEKGIVQQLEKHGAQVTYFDERPKNNNFTKGLIRLKRDLLQRKINKYYNNILKKLKNEKFDYLLVNRGEVVPSFFLEKFIQLQPQCVRIFYTWDSFHNHSHGLKILHYFHKRFTFDKKDAEKYKIGFRPLYFTDKYRDIYDNMNQKEIDVLFLGTAHSDRYIISNKVKDWCTENGLTTFNYYYMQGRLVYFYKKFFDKTFYDFDFSKLSFRGLSLDEIIKLYAKSNVILDISHPGQSGLTMRTFEAIGAGKKLITTNLNIKEYPFYNSDNIFIISRDKLVLEKDFFLREYRPLATELYNKCSIDGWLERYIFGERKIIIGMNFKYS	Gtr29		Not in Cazy
PSgc18	wafH	34.4	276	Glycos_transf_2,    PF00535,    E=1.4e-22	2	INV	1	Gal(b1-3)GalNAc	AHB32332.2	MNVKYFRKRVLNIYQLGLWHYHILMFMSNKFMFFSVLLSLYHKEKPEYLEKCFESIWDNQSLKPSEIVLVLDGPIGEQLTTSVQEWQVKIAEKLKVVALPQNVGLGKALNEGLKQCSADWVFRMDTDDICTSDRFEKQLAFIEQNPDVILFGSQVIEFNQDIADADVIKSVPLTHDEIKKFAQKRCPFNHMTVVYKRDVILSLGGYQHHLFMEDYNLWLRVIGNNYKVANLPDVLLYARVGNGMHARRKGFQYIKSEKQLLDLKKQLKLQNPVYANMLFLIRSAFRLLPANMLGKIYNTFLRKDIKK	Gtr5	2732752	Length is 307 in cazy and genbank
PSgc18	wagT	25.6	333	N/A	N/A	N/A	21	Gal(a1-4)Gal	AHB32335.2	MVKDSSVKQKILFYLPEGSINDATKYYIEILESSFSDFFEVVIVKSLKEQSNVKYILTIEAKHFFLAKLKFPKAKIINWFQGVVAEEALMTKGSLWRKYLWAFFESFTLKYSFFNIYVSRRMKKYFEDTYHISSSFFYIMPCFNKDLNLELINKEKYQYPTFVYAGSLATWQCVDKTLELYSLIERVLPNASLTLLTKEKELAETMINNYKIKNYSIKYVSLENLDTELLKYKYGFLIRENHIVNNVATPTKMNSYLANGIIPIYSSFIDDFKVNFNEYDFIVAKEKTQDVLNDIVNFEKYGFNREVFFINLSKIFDTYYNREKYAEELSKYIGDNLIV	Gtr107		Not in cazy
PSgc18	wagU	30.1	344	Glycos_transf_1,    PF00534,    E=2.5e-18	4	RET	4	ManNAc(b1-4)Gal	AHB32333.1	MNIGILLPEIYNCGPVNVALNIVKELSELENVDIMVISLRPLKNNETLDFFKKYSSLGVYALNENNYFKELENLALHLDVIHSHGFYPDKLVSKLDCNIKKITTVHCMFYKDYIKEYGLFKGFIGALSHFRILNKGRFDTIVGCSLSVRSYCEKYLNNKININYILNGVDQTRFYKLSASKRMELRKGLNFDVYKRIYIYAGRLIRRKRVPELIDLFLIKAQHDDLLIILGDGEELDKCKERAAQGNIKLIGNVDNPEFYYQISDFVISNSSAEGYPMSIIEAVSCGCFAFLSDIEPHREFVSNNPQVSCLLDVWDECKVLSEESVEHLSARVMALSYLNVYEQ	Gtr108	611490	
PSgc19	wagB	27.4	343	N/A	N/A	N/A	7	N/A	AHB32837.1	MKKLEHLARKKILFLCVQTFDLEKGIVQQLEKHGAQVTYFDERPKNNNFIKGLIRLKRDLLQRKINKYYNNILKKIRNEKFDYLLVNRGEVVPSFFLEKFIELQPQCIRIFYTWDSFHNHSHGLKILAYFHKRFTFDKRDAEKFNIGFRPLYFTDKYREIYDNKNQKEIDVLFLGTAHSDRYIISNKVKDWCEENSLTTFNYYYMQGRLVYFYKKFFDKTFYNFDFSKLSFRGLSLGEIVELYAKSNIILDISHPGQSGLTMRTFEAIGAGKKLITTNTNIKEYPFYNANNIFIISRDELVLEKDFFTSKYRPLATELYDKCSIDGWIEDIFFGEETNYWSDF	Gtr29		Not in Cazy
PSgc19	wagD	31.5	300	Glycos_transf_2,    PF00535,    E=4.1e-09	2	INV	6	N/A	AHB32833.1	MSRLPNIWAVIVTFNPSLVNVKKLVKQLSMQSVIPCIIDNCSINAHSVELKNIHEAKSIFLEKNYGIATAQNKGIEIAIENGADYILFFDQDSSIPDGYIQALYSDYQYLQRQGEEVGAIGPRFIDDRYNFFYKTISVTKSGFREKHDVSQITEPLHSTLLISSGSLISVATLEVVGLMRDDYFIDYVDTEWCLRAEYLGYKNFVSAQAIMHHTIGDNIKRTKFFTIPVHSPFRRYYIVRNTLYMLKEPHIPNLFVLYQLVVNVIHQGLIIFLFKKNRWEYIKSFFNGFKDGIKIYFPYI	Gtr159	611523	
PSgc19	wagK	31.8	279	Glycos_transf_2,    PF00535,    E=9.1e-06	2	INV	15	N/A	AHB32823.1	MNNNKIALVVIVYGKALEDALTIQSLLGFERKLDYLLIVNNGPTVIDENSAVLSALAQKHHHIVLENQVQNKPLSWIYNDFIQQYDADRYAFFDDDTVVSREYCEKILFDTEYYHLGLPSIRSIHDGNAYYPVISSSPKEVQEGYYQYNKGTYSIGSGLIVSRDLKKTLIDAFGEVFDHHFAFYGVDISLFRRLDKLQCSDQFIVNTRAELSHHLSKFSKEISDFRKKELLIDQILQFRWYRTNTKYIFKIVVGMLLHLKIAELRLVLKTFIEGKHPRC	Gtr129	611522	
PSgc19	wagL	30.2	360	Glycos_transf_1,    PF00534,    E=5.4e-09	4	RET	14	N/A	AHB32831.1	MKKVFFLTNAVDLANSSDGLAKKIHAQTKAFQDCGYVTELAGCSEDFYKIGEHQFSIQESGVFKKTDEILKKVEKYILEQESYEILYIRKFYFTPRFLSFLKNIRQKFKSILLELPTYPYYGELLTSRAKVGFWIENLLVTKSLRKYIDKIVTFSSDKKIYGIDCIKISNGIDASEQIYFEEPSRDVIHFISVSSISFWHGIDRFILALKNYGEDNVHFHVVGGDNEVSLSLQSMVREYSLKDKVTFHGHKSGDELKAIYAMSHIGVGSLGRHRSNIYYLNSLKNREYIAKGLPIIYSEIDDDLEETAFVYKLPASEELIDLSKVIEWFSESNFDRQSTVKFSDKFLWKSQIEILLSNLE	Gtr158		Not in Cazy
PSgc19	wagV	29.2	300	N/A	N/A	N/A	22	N/A	AHB32824.1	MLRNKIFKKLYSFFVDIYLTFRKRYVICKLKFKTGFSSKKVASDAPVIVSLTSYYKRFDIVYLVVESLFQQNYQGKYEIIFSISQEDIDKFGGMPKNIEKLISRGLQVKILDENIKSYKKAFYVADQNNTKSIITVDDDVYYPSWWLKIMVDSALSNPNTVMAYRGHYIVNKNNRILTYMDWLNKSDKFFDKEALYSFMPTGTSGVYYPIGALNGLSASKEQFLELCPHADDLWFKYITVMNGFKAKRILERNIHFMILKDGDSLMAINVDGGGNDIQFGKITNHSLEFLNRILSDSKHI	Gtr130		Not in Cazy
PSgc19	wagW	30.8	233	Glycos_transf_2,    PF00535,    E=5.5e-32	2	INV	1	N/A	AHB32834.1	MISVCLATYNGEKYIVEQLTSILSQLSPTDEVIISDDHSTDETLLLIKSLNDPRIKIITNELGKGYTKNFENAINHSSGDYIFLSDQDDVWVENKVELMMKYLLDFDLVVSDAIISDSHLKPTLGSHFELHNTKAGFLNNWLKTRYIGACMAFRREIFSKLLPFPIQSKWCAHDYWIANVGEFFFKVKLLEAPLIKYRRHGNNASTGGEKSTNSLFHKLIVRMYTLLQLIKRM	Gtr74	611524	
PSgc20	wagO	33.6	367	Glycos_transf_1,    PF00534,    E=9.2e-32	4	RET	4	N/A	AHB32613.1	MNILYLITGLGGGGAEKVVADLADQMHLRGHHVKIAYLKGEAIVKPQSINIELICLELNKVTQFGGAFKKFKTVIEQFKPDVVHAHMVHANIFARLARKYVSFPRLICTAHSNNEGGRLRMLAYRLTHALADMTTNVSQQACESFVRLGAVPKGEIFTVYNGIDLRKFNYSEQARIQTRKLLKIEDHTLMFLAVGRFHEAKNYPLLINAFAEFVQTTSNKKELITAKLYIAGDGELRSVIEELIAKYRLEEKVILLGRRDDVPALMCASDYFVLSSAYEGFGLVVAEAMACNNFVIATNCGGVSEVMGGTGLLVDSQEKDKLANAFFTASQLCSEEIAQNNIQAMKYINEKFNLDNIVNQWLNIYAK	Gtr49	611510	
PSgc20	wagP	35.2	385	Glycos_transf_1,    PF00534,    E=2.8e-34	4	RET	3	N/A	AHB32612.1	MQNKKIVLIGTTGSSFYGFRADLIRSLVANGHQVYAFTSEYTENCLDKIKVLGAVPVTYELSRGGLNPFADIASTYQLIRKIKKIKPDIVFSYFAKPVIYGTLAASFAKVPHIIGMLEGLGYTFTAQPEGQSSKTKLIRNIQVLLYRLAFPRLDDMIFLNPDDEKDLIHTYTLPVKKVHILGGIGLDLKEYSYSVAPVSPVSFLFIGRLLKEKGIFEFIDAIRIVKHKYPNTKFTILGGLDTQNMGALSKSQLDELIAEGLFEYPGHVSNVKDWIANSSVFVLPSYREGVPRSTQEAMAIGRPVITTDVPGCRETVINDVNGFIVPCWDAKALAEKMCFFIESPSQINLMGLESMKMAHQKFDAEKVNNRLFEIMGLNSSYEKIG	Gtr50	611509	
PSgc20	wagY	26.8	320	Glycos_transf_2,    PF00535,    E=2e-31	2	INV	5	N/A	AHB32616.1	MRKIISVIIPIYKVEDYIEECINSILVQITPEIEVILVNDGTPDNSFEIVNNILELEPLEVRNCFILLEQENQGQSKARNFGLSIATGDYIAFLDSDDILEKNYFSVLLEKINKFSPDIISFKSNRFKKNQEDAFLFEVGVNKEGIFPNSFNLLTEIFNQSAWFPWLNIYKQTLFKNKSFPVGVYYEDAALIPELFLQAKTICFLKDSLYGYRINQGSSLLNKSLKNINKHIESFKFIIDLYEKRLLKQPLYSPNMISIVQGYITYLIKNVSFAEAVKEYRRVSLKSKKIDINLVKRRGNILFYKFGIIFLVFTKIVGKD	Gtr160	611993	
PSgc20	wagZ	28	355	Glycos_transf_1,    PF00534,    E=6.7e-35	4	RET	2	N/A	AHB32615.1	MKKICFLIGNIELVGGTERATSLVSTLLATNDCEVFILSLFGGNKASFPINKKINLDSLFQEKISMRKNFFSCVSRLRKYLSNNKIETLIVVDSISTFFSVPASIGMNINHICWEHFNINSNLGSSFRDLGRKLAIIFCDKIVTLTQTDKNNWQKKIKKRAYKVISIPNPNTFEVNDFFPSIESKTVLALGRLSKEKGFDLLIRAWSLIIDKKGWVLKIIGSGEELEALNQLILELSVKDSVIIIPATTELGKYYKEATFLCLPSRVEGFGMVILEAYTFGLPVIAFDIETGPKELISEHTGSLIEPYNIKLFSQEIYKYMDFSHYELMLKSKKCKSNAENFDGNQIVGSWMRII	Gtr161	611992	
PSgc21	wahA	25.4	303	Glycos_transf_2,    PF00535,    E=7.5e-40	2	INV	5	N/A	AHB32281.1	MLISIIIPAYNASKTICKTLESLIKQNRSDFEVLIIDDGSTDDTYEICRDYINQKENFKLIKQKNKGVSSARNLGLRNASGDYIVFMDADDILSNTAINEIYNHLYKNDSDIIFFDYYVKIENEEKYIKSLNSLQKDALLKDIMKGVMRGFVWNKIFKRNFILDNRLSFNEKLKYCEDEEFLLDAIWFSKEISYLERGLYYYIQHENSFTNQKMDDFFPNKFLPYILVLKEKPYFKIYGKFLMLKAARLRLYRFRVFGNLELGIKSYIENFPFSLLDKEFTVKEKILCIIAKSDFLMRVYCSK	Gtr67	611485	
PSgc21	wahB	25	372	Glycos_transf_1,    PF00534,    E=2.2e-31	4	RET	2	N/A	AHB32282.2	MFQMKKNILFIVNSMRAGGAEKILSDLLERSDNYLNYNIDLLIFDNNGPFLSKIPTDKVTIYNFKKNDSKIKWWFFKKIYKYTGIKVFFKKRMDEIIKKHYDCIISFVEGIPVFLHSFLFNSGDLNVTWVHNDFVTNHWTQALYYGKDESYIYNRMDKIITVSNSALDSFNQIFKNKVEKKVIYNFVIKNNNQKISDTNIFTICTIGRLEIIKNFNCLIRALKIVKEQGYSFKCYIIGEGSERQNLVKYIDKYNLSSQVILTGFLMNPHEYLANSDLFISTSFSESFSLAIAEALVANKPIIASKTIGACELLENGRYGVLFDIDNEEQLANRIIEFMVHKGILAEYQLKSRERATIFEIESFVKQIQQVIK	Gtr68	611486	Length is 369 in genbank, sequence taken from cazy
PSgc21	wahC	24.3	256	Glycos_transf_2,    PF00535,    E=1.3e-09	2	INV	23	N/A	AHB32284.1	MSINNVCVLLSTMDNKIPLFLKKNSGVAVVINQTKDLDFVGFNNIVFHNFNEKGLSKSRNRAILLANSKYCCIADDDIYYVDDYKEKIIKSFDAIPDADVLVFQIYTPEGLPYKKYKNYIFKMNKFSIMKVSSIEIIFNREAILSKNIRFDERFGLGSLFKSGEENIFLADCLKNGLNIYAVNENLVFHPFESSGKIINDNFFYDRGAVFFRIYGFFIANLLYFYFSFKKSKSKRQALSNLILMYKGLFRYLKVSK	Gtr69	611981	
PSgc21	wahD	27.8	257	Glycos_transf_2,    PF00535,    E=7.4e-43	2	INV	1	N/A	AHB32285.1	MNLVSIITPSYNSAKYIGKTIDSVISQTYKKWELIIIDDCSTDSSVEIIKDYENKDNRIKLIQLKENSGAAVARNTGIQLARGRFIAFLDSDDSWLPEKLEKQLKFMLINNYYFTYTSYFKINENNEILGTMYIPSKVNYSQLLKTCVIGCLTVIYDAEKIGKQEFPLIRKRQDFALWLKILKKVDYAYGLQENLANYTIRSDSISANKLNAAKYNWFLYRNIEKLSLFVSFYYFLHYVIKGIIRSKFPKMALLFKI	Gtr70	611487	
PSgc22	wafH	34.8	276	Glycos_transf_2,    PF00535,    E=1.2e-20	2	INV	1	N/A	AHB32439.1	MFFSILLSLYHKEKSEYFDQCFESIWTRQILKPTEIVLVLDGPIGNELTNSVQKWQSKIGDALKIIALPQNVGLGKALNEGLKHCTYEWVFRMDTDDICTADRFEKQAAFIQQHPDVVLFSGQVMEFDQDISDANVLKSVPVTHEEIKEFAQKRCPFNHMTVAYKRDVILGLGGYQHHLFMEDYNLWLRVIGNNYKVANLADVLLYARVGNGMHSRRKGFQYIKSEKQLLDLKKQLKLQNPLYANMLFLVRSAFRLLPANLLGKIYNTFLRKDIKK	Gtr5	611498	The entry has one more glycosyl transferase with acc AHB32437.1
PSgc23	wagP	31.8	393	Glycos_transf_1,    PF00534,    E=9.9e-32	4	RET	3	Gal(b1-3)GlcNAc	AHB32713.1	MLGVIMSKKIILIGNTSSTMLGFRSDLIKELIENHYEVYAFVCEYSEEHLTKISQLGAKPVIYKMNRGGLNPFADLKTIIELKRQISDIKPDVIFSYFTKPVVYGSLAARLSHTPKIIGMIEGLGTPFTIHKNGQSLKVKLIRFIQVGLYKIVFPFLDKIIFLNPDDPIDLIQKNNIKAKKNAVQMLGPIGLNLEEYEYKKWDETQQVSFIFIARLLAEKGIFEYLEAAKITKHKYPNVTFKIIGGFDTENPYGLTKQQLDEVIATGVIEYPGFVTDVAKRIQDSAVFVLPSYYREGVPRSTQEAMAIGRPVITTDVPGCRETVVDGLNGFLVPKWDPKALAEKMCYFIENPEQINIMGLESYRIAQENFDVSKVNKKLFEIMGLEDTNEKTY	Gtr99	611518	
PSgc23	wagQ	26.1	298	Glycos_transf_2,    PF00535,    E=1.3e-29	2	INV	1	Qui3N(R3Hb)(b1-6)GlcNAc	AHB32717.1	MDQKNKPLVSIVIPCYNHEKYVQDTIRSVIDQSYENIELIIIDDGSKDSSVEKIQQMLYECQNRFTRFEFRSRANKGLSATLNEAIEWSKGKYFSAIASDDLMLKDKTSTQVRVLEKNNEVVALFGSVNYINENNVVQQINTLEEKEYPFDKIILNECHFYAPTQMLKMEVLRKIGGYNEEIRVEDWYMWLKMAENGKVLCISDKLAIYRIHSANTTRNSKFIFEENLKTLNYYKNHELYNQAYHKLRWTYIIWTGQKSKIESLLLLFKFILSNPEQTFTRNFLVYCKYFFVKIKNWY	Gtr149	611999	
PSgc23	wagR	29	216	Gly_transf_sug,    PF04488,    E=1.1e-13	32	RET	16	GlcNAc(a1-4)GalNAc	AHB32716.1	MIPRKIHYCWFGGKEYSPLVNKCMQTWAKYLPDWDFVLWNESNSPINHPFVKKALLEKKYAFAADYVRFYALYNFGGIYLDTDMELIKNLDPLLNNSFFSGSENFDNKYISAGIIGSVEKHEYLKAVLAYYDDLKVYETSPSILTKIYNEGSFEDIKLYEYEYFYPYNPFDPEQEIKQLFYSDIKECTFAIHHWNFSWKPSFSERLIAYLKKILKK	Gtr150	611519	
PSgc23	wagS	27.4	296	Glycos_transf_2,    PF00535,    E=2.8e-30	2	INV	1	GalNAc(b1-3)Gal	AHB32714.1	MSSQNYISVGIPIYNASAYLEDAIKSVLAQSFQNFELILIDDGSTDDSLKIAKSFNDSRIRVYSDGLNKKLPTRLNQIIQMAKYDYIARMDADDLMDVDRLKNQFEYLKNNPNIDLVTTGMYSIGKNNEILGKRIPNNKMMTASEILGGITNLLHASMLARKEWCLRNPYRVDNALAEDYELWLSAAIKNDLKYTVIQEPLYYYREIENVKLDKMIKGYNTQIDVINSYYNGVIDKFEKDDIIKKFELKKKIVKLLDALNLMFILQRRRVQKVSNIDIEKYKTNLYKIYNVGGDNE	Gtr151	611998	
PSgc24	wafP	31	370	Glycos_transf_1,    PF00534,    E=2.4e-13	4	RET	8	FucNAc(a1-3)GlcNAc	AHB32591.2	MYDTLNVQSDIDLVLIAKEDMNCPQHANAHFIKAKKPNKASLFKRFLYELIIAFSFLMKTLKVVKKDSIVFTGTTPILLLFVLFIIKKFLNFKWILLVHDVFPENLAAAKILKKDHFLFKILKSLFDRIYASADEVIVIGKDMKELVHQKTHQSNNITVVQNWIDSSDIGTEPKTNNRILQELNWLDSETTIFQFFGNIGRVQGVENILHAIQKMKYAHLAKFIFIGDGAYVARLKEQIQSLGSQNILYYGSLDQKEKTTGLNACDVALITLADGMLGLGVPSKSYFSMAADKPLLAIMDSESEVADMINTHHIGWVVPPNNEEALAKQLDEIVLAKHCYAFNSSREVLNEFYSEKVAMSKILNIIRKFT	Gtr20	612874	Annotated as fragment in cazy. Length 350 in genbank and 370 in cazy, sequence taken from cazy
PSgc24	wahG	27.1	339	Glycos_transf_1,    PF00534,    E=7.1e-11	4	RET	24	GlcNAc(a1-3)FucNAc	AHB32587.1	MILIDGIYINNSGGLVLLNYLISEVQKKDLEVFYLLDERTQNYFSNICNNKVKFIKNSHFERLKFYSNNKDKFDSILCFGNVPPPLRLKAKVFVYFHQKLFLEIPNEFNLKEKLVYKIKQLYLNFYKNNCDKWLVQSKLMQKQFALKYLSKDLSNIQVLPFYPPLNVDIVKPLRNKSSFIYVSNSGPHKNHENLIHAFCEAYDITKLGSLTLTVPKHDVVLNNLISEKVELGYPILNVGFIDREQLSQLYLSSEYLIFPSLSESFGLGLVEGIDAGCKVIVSDLPYAYEVCKPSLTFNPYTKESIKIAIIQAMNEKLTNSEKTISNDIDRLILLLSDNI	Gtr128	611991	This Psgc has another GT, Gtr59 with acc AHB32584.1
PSgc25	wagP	35.8	386	Glycos_transf_1,    PF00534,    E=5.6e-35	4	RET	3	N/A	AHB32863.1	MNLSKKIALVGTTGSSFYGFRADLIRSLLKNGHQVYAFTSEYTENCLEKIKALGAEPVTYQLSRGGLNPFADIASTYELIRKIKKIKPDIVFSYFAKPVIYGTLAASFAKVPHIVGMLEGLGYTFTAQPEGQSGKTKLIRNIQVLLYRLAFPRLDDMIFLNPDDEKDLIHTYTLPVKKVHILGGIGLDLQDYSYSPAPVDPVNFLFIGRLIKEKGIFEFIDAIKIVKHKFPNTKFTILGGLDSQNMGALSKSQLDELIAEGLFEYPGHVSNVKDWIANSSVFVLPSYREGVPRSTQEAMAIGRPVITTDVPGCRETVVDGVNGFIVPCWDAEALAEKMCFFIETPTQINPMGLESMKMAHQKFDAEKVNNRLFEIMGLNSSYEKIG	Gtr50	611526	
PSgc25	wahH	31	357	Glycos_transf_1,    PF00534,    E=1.7e-40	4	RET	4	N/A	AHB32860.1	MRSLVTVIVPMYNEEKKVALCVDVLKKQTNQNFDVIFINDGSTDNTVKILKECLGLDTYFNYKIITQENQGAAAARENGIQQADTDFVMIFDCDDKISNNYIDEILNICEKNEVDIILPNAKIERNINDWVDFSFYTEDRVLNPTDCILNTLNGWRVHGWFTCRKNIFLKSYNEYYIYNVNKKNFINNDEILTRLNFKNAKKIIRTDAEYYYCYNELSTTKKINERKYLMVNNALILNKIFSDNSDINFRKETLQELIAVLWGTFIYMHKYRKDLANLSDWQKILRISLSDLHYFSVFTGLDVKKKVQLTVLKLAYIF	Gtr122	611466	According to cazy, this one is WahH, but length fits with WahI
PSgc25	wahI	27.4	290	Glycos_transf_2,    PF00535,    E=5.4e-28	2	INV	1	N/A	AHB32862.2	MYLITGLGGGGAEKVVVDLADQMHLRGHRVKIAYLKGEVIVKPQSADIELICLELNRITQMRHAFKKFKSIIKQFKPDVVHAHMVHANIFARLVRKFIGFPRLICTAHNSNEGGLLRMLAYRYTNNLSDINTNVSKEATESFQKKKAFDSTAITIYNGIDLNKFRKKVVDKNIILSNQVNLNQKIILAVGRLNEQKDYPNLLKAISLLKENSSEDFKLLIAGDGEQKKAIEELISKLNLDNDVILLGRRNDIAELMSIADYFVLSSAFEGFGLVVAEAMACETFVVATDCGGVKEVMGGYGLMASPKDSKELADQLRKAINMPLNARLENNRKALNYVHENFDLEKTTLQWLKIYES	Gtr162	611525	According to cazy this is WahI, but length fits with WahH (length in cazy 357, length in genbank 381, seq taken from cazy)
PSgc25	wahJ	24.1	318	Glycos_transf_2,    PF00535,    E=4.1e-28	2	INV	5	N/A	AHB32859.1	MRSLVTVIVPMYNEEKKVALCVDVLKKQTNQNFDVIFINDGSTDNTVKILKECLGLDTYFNYKIITQENQGAAAARENGIQQADTDFVMIFDCDDKISNNYIDEILNICEKNEVDIILPNAKIERNINDWVDFSFYTEDRVLNPTDCILNTLNGWRVHGWFTCRKNIFLKSYNEYYIYNVNKKNFINNDEILTRLNFKNAKKIIRTDAEYYYCYNELSTTKKINERKYLMVNNALILNKIFSDNSDINFRKETLQELIAVLWGTFIYMHKYRKDLANLSDWQKILRISLSDLHYFSVFTGLDVKKKVQLTVLKLAYIF	Gtr121	612002	
PSgc26	wafA	22	309	Glyco_transf_52,    PF07922,    E=1e-40	52	Not known	17	N/A	AHB32800.2	MTPLQAMIAEKIISNSKEKFDIIYIADLTDKNKNYFLRLLNICNEGIFIEHPKNLIEFLKFKVKIIKIRNFKYKSVYAANIDRKIIQYLYSLNLKANIYTFDDGVGNIIPKSSFNVEEDISIGKKIFWRLLGVKVNSYFIKEHSKTHYTIFNNIKNIIDKVEYVQLVPNLYIEDNEEKDSIKIFLGQPMTEINDKYNNIFISNLLEKFQINLYFPHPREKDVKLNIDIIESPKVFEEYVIDLMRDSQCKVEIYSFLSTAIINISQINNIEVKYICDYYLMEKYKEFYKIAQDYFNIKVINFENELNEVG	Gtr163	611521	Length in genbank 317, length in cazy 309, seq taken from cazy
PSgc26	wafB	30.4	358	Glycos_transf_1,    PF00534,    E=1.7e-29	4	RET	11	N/A	AHB32798.1	MSILHIAPEYKWSKIFILPIANYQIQQGNEVWISAPNVLENTSELGEVKFVSWNSKYKNIVKHIGRLFLILKMVRKYKINKIYFHTTVDSTLNIFILRLFSSAQLVYVNHGVPYLGYNSIMQYILKLCEIININFSHRSITITQSMKQLLGPLNYKKKEIAALTPGTLVGVKIPYSSYTDLQSARALLKKNSDNSILKILYVGRLEHRKGIYDLIEAINHTNLNCELTVLGGSANELETELDLSKVKFEGFQSDLRSYYLNADLLCVPSHHEGFGQVYLEAAAHGVIPVCCNIPGPTDFIKHNSNGFIVEAKSPDSILELFEEINLKKFDLDAIQKRAFESVQAYESSQVISNNMDHF	Gtr14	611459	
PSgc26	wafC	31.9	352	Glycos_transf_1,    PF00534,    E=3.1e-33	4	RET	2	N/A	AHB32797.1	MTIYFVTNGINRMAGTERVIVQLAQALEDVIILVPGSEQCAFSGCENLNIQSLEVGEFPTHNKLAKIIHRLNYFRKLKSILKRNDTVVSFSFDLNLVNIKLSKILNYTPIVCEHIEYNYHKGIRNLIRKKFYSQDTVTLVCLTETDKRKFLNDGIRTLVIPNFIHPLDSKYNSESKKILSIGRLEFQKNFAFLIEAFHLSKIYENGWVLDIVGEGSEQKELEEKIKLLNMNEFIRIHPFTKNISKYYQDSALMCMTSRFEAFPMVLLEAMNNSLPVLVSDFPTGAREILGEGNTQIVSDYTPEAFAKLLASSCLDEDLRKTLSKQNSELIRKYYPEQIIQSWKELLEHTSKE	Gtr15	611465	
PSgc27	wahK	27.3	361	Glycos_transf_1,    PF00534,    E=6.3e-06	4	RET	25	N/A	AHB32355.1	MKILMLAPYSSPIVQRLSKALEKNGGCEVWVASFNVETDLEKRIISLGEVNSFIDYFKFHKVNKLVKKLNPDIVHAHIINHYGIMAVFQKKPLIVGLWGSDVMLAPNKGSILKREIFKLINAIVIKKANLMHTSSNHILEELIKKHGKNIKNKINVFYWGFPVEEPSADNYQLIQAMLKNEYGIESNDHLMVFPRGLSKVYDPDNVVKVINKLSDIKELKIVVLRGFSSDEDVKKFKNKLGAAESKIIFINRLLNTNELFVLYSQAKYHVSIPISDALGGGVIEPFLRGSFPILSNIKPYKNFVEQNSGFILEDYSEFSLNNLEQKILNNQLEVEGLSLNSDYSAQAIVNKFKKLYEIVLK	Gtr34	611491	
PSgc27	wahL	33.2	367	Glycos_transf_1,    PF00534,    E=2.9e-22	4	RET	3	N/A	AHB32358.1	MKIAHLTSAHPRFDTRIFVKQCCSLTQSYDTYLVVADGNGNEVKNQVNILDVGKFNGRKDRMLNAPNAVFKKALVLDAEIYHLHDPELIPIGLKLKKMGKKVFFDAHEDLPNQIMSKHYLNPISKKIIAFLVKAYEKYACAKLDGIVAATPFIRDKFLKINKNTIDINNYPKLEEFSSISTDTLKENQVCYIGGLADVRGIVEMVQAINLAQSNAKLVLAGDFANKSLERSVMDMMGWKKVKFLGYVGRNEIKNTLATSIAGLVVLHPTRSYLDSLPVKMFEYMCAGIPVIASDFPLWRSIIDDAQCGVCVDPLNPHEIAKAVDYFIKNPDEARFMGEEGRAAVLEKYNWSIEENKLLNFYSSILDI	Gtr35	611492	
PSgc27	wahM	34.3	413	Glycos_transf_1,    PF00534,    E=3.4e-15	4	RET	8	N/A	AHB32359.1	MIANKKTFWFINQYSSTPETAMGGRHYYLAQELAKKGHQVYVIAGRYSHLLRNPKKFEEQYLVEEIIRNFSFVWVNLPEYEEAHSKQRVLNWFKFSWLLRTLANVIPVKPDVILYSSPSLIGYLGAKYLANKFNTPFIFEVRDIWPLTLMELGGHSPSHPFIKFMQWIEDRAYRKADYVFSNLYNAVEHMQSRGLDSRKFHWVPNGVSLDEVSQKQPLSIETFNQLPQNKFIIGYTGTIGVANALDDLIEAAQILSNKPHLHFVLVGSGKEKDNLIQKVNSLNLQNITFIDAIPKKQIQSMLEQFDICYIGWQKNPLYRFGIAPNKLPEYLYAGKPIIHAFSGKGDIVQQAQAGITIEAEDPEAIVGAVEELYALTAGQRQQLGDNGKQFVLQNLEYSMIAEKLENIVFKDNL	Gtr36	611493	
