	#Strain	Lab_collection_no	Species	Original_Serovar	Current_Serovar	PSgc_forms	Whole_genome_accession	Gene_cluster_accession	Polymerase_accession	Linkage	polymerase_sequence	source	record_id	taxon	structure_id	GLYCAN_CSDB	GLYCAN_WURCS	GLYCAN_GLYCOCT
0	LUH5533	G4765	baumannii	O1	Sv1	PSgc1	DRS005660	KC526894	AHB32215.1		MIFKNIGSYDLTNFSLFYNETGVEIGWGLYSKIISLFSDSPVVLFTIFSFFTFFTFYRISRLVEIKFLYVMLYYLPTGFFMMQQFMQIRQGFAIPLVIYGSVLYLSGKKYISLVFFILAILFHQSSLAFILIFISYLFFNNFLKINTSVFKFFIINILILVFGFIVARFILLDAAMDYFQRLEAYSTTDYAESVGFFSLSNIKFYIEFFLIFLLLNNRLLLNKFIVFFVFIFTVGLSLRVAFYDFGILSGRLSNTFLLIEVFLMPMLLSSRLNKIYLYIYFLLYFLVIFYVTWTFQASEFIKNNYFLPLS	CSDB	29551	_:taxon_Acinetobacter_baumannii_Sv1	325	-3)[aDGalp(1-6),Ac(1-2)]aDGlcpN(1-3)[Ac(1-2)]bDGalpN(1-	WURCS=2.0/3,3,3/[a2112h-1b_1-5_2*NCC/3=O][a2122h-1a_1-5_2*NCC/3=O][a2112h-1a_1-5]/1-2-3/a1-b3~_a3-b1_b6-c1	"RES
1r:r1
REP
REP1:4o(3+1)2d=-1--1
RES
2b:b-dgal-HEX-1:5
3s:n-acetyl
4b:a-dglc-HEX-1:5
5s:n-acetyl
6b:a-dgal-HEX-1:5
LIN
1:2d(2+1)3n
2:2o(3+1)4d
3:4d(2+1)5n
4:4o(6+1)6d

"
1	LUH3483	G4760	nosocomialis	O2	Sv2	PSgc2	DRS005640	KC526907	AHB32538.1	GalNAc(b1-4)Gal	MIFKNIGSYDLTNFSLFYNETGVEIGWGLYSKIISLFSDSPVVLFTIFSFFTFFTFYRISRLVEIKFLYVMLYYLPTGFFMMQQFMQIRQGFAIPLVIYGSVLYLSGKKYISLVFFILAILFHQSSLAFILIFISYLFFNNFLKINTSVFKFFIINILILVFGFIVARFILLDAAMDYFQRLEAYSTTDYAESVGFFSLSNIKFYIEFFLIFLLLNNRLLLNKFIVFFVFIFTVGLSLRVAFYDFGILSGRLSNTFLLIEVFLMPMLLSSRLNKIYLYIYFLLYFLVIFYVTWTFQASEFIKNNYFLPLS	CSDB	29552	_:taxon_Acinetobacter_baumannii_Sv2	10950	-4)[bDFucp3N(1-3)[Ac(1-2)]aDGalpN(1-3)[Ac(1-2)]bDGalpN(1-3)]aDGalp(1-6)bDGalp(1-3)[Ac(1-2)]bDGalpN(1-	WURCS=2.0/5,6,6/[a2112h-1b_1-5_2*NCC/3=O][a2112h-1b_1-5][a2112h-1a_1-5][a2112h-1a_1-5_2*NCC/3=O][a2112m-1b_1-5_3*N]/1-2-3-1-4-5/a1-c4~_a3-b1_b6-c1_c3-d1_d3-e1_e3-f1	"RES
1r:r1
REP
REP1:5o(4+1)2d=-1--1
RES
2b:b-dgal-HEX-1:5
3s:n-acetyl
4b:b-dgal-HEX-1:5
5b:a-dgal-HEX-1:5
6b:b-dgal-HEX-1:5
7s:n-acetyl
8b:a-dgal-HEX-1:5
9s:n-acetyl
10b:b-dgal-HEX-1:5|6:d
11s:amino
LIN
1:2d(2+1)3n
2:2o(3+1)4d
3:4o(6+1)5d
4:5o(3+1)6d
5:6d(2+1)7n
6:6o(3+1)8d
7:8d(2+1)9n
8:8o(3+1)10d
9:10d(3+1)11n


"
2	LUH5534	G4766	baumannii	O3	Sv3	PSgc3	DRS005641	KC526908	AHB32563.2		MIFKNIGSYDLTNFSLFYNETGVEIGWGLYSKIISLFSDSPVVLFTIFSFFTFFTFYRISRLVEIKFLYVMLYYLPTGFFMMQQFMQIRQGFAIPLVIYGSVLYLSGKKYISLVFFILAILFHQSSLAFILIFISYLFFNNFLKINTSVFKFFIINILILVFGFIVARFILLDAAMDYFQRLEAYSTTDYAESVGFFSLSNIKFYIEFFLIFLLLNNRLLLNKFIVFFVFIFTVGLSLRVAFYDFGILSGRLSNTFLLIEVFLMPMLLSSRLNKIYLYIYFLLYFLVIFYVTWTFQASEFIKNNYFLPLS							
3	LUH5536	G4768	nosocomialis	O4	Sv4	PSgc4	DRS005652	KC526912	AHB32666.1		MIFKNIGSYDLTNFSLFYNETGVEIGWGLYSKIISLFSDSPVVLFTIFSFFTFFTFYRISRLVEIKFLYVMLYYLPTGFFMMQQFMQIRQGFAIPLVIYGSVLYLSGKKYISLVFFILAILFHQSSLAFILIFISYLFFNNFLKINTSVFKFFIINILILVFGFIVARFILLDAAMDYFQRLEAYSTTDYAESVGFFSLSNIKFYIEFFLIFLLLNNRLLLNKFIVFFVFIFTVGLSLRVAFYDFGILSGRLSNTFLLIEVFLMPMLLSSRLNKIYLYIYFLLYFLVIFYVTWTFQASEFIKNNYFLPLS							
4	LUH3484	G4761	baumannii	O5	Sv5	PSgc5	DRS005649	KC526895	AHB32242.2	GlcNAc(a1-3)GalNAcA	MIFKNIGSYDLTNFSLFYNETGVEIGWGLYSKIISLFSDSPVVLFTIFSFFTFFTFYRISRLVEIKFLYVMLYYLPTGFFMMQQFMQIRQGFAIPLVIYGSVLYLSGKKYISLVFFILAILFHQSSLAFILIFISYLFFNNFLKINTSVFKFFIINILILVFGFIVARFILLDAAMDYFQRLEAYSTTDYAESVGFFSLSNIKFYIEFFLIFLLLNNRLLLNKFIVFFVFIFTVGLSLRVAFYDFGILSGRLSNTFLLIEVFLMPMLLSSRLNKIYLYIYFLLYFLVIFYVTWTFQASEFIKNNYFLPLS	CSDB	29553	_:taxon_Acinetobacter_baumannii_Sv5	727	-3)[Ac(1-2)aLFucpN(1-4),Ac(1-2)]aDGalpNA(1-3)[Ac(1-2)]aLFucpN(1-3)[Ac(1-2)]bDGlcpN(1-	WURCS=2.0/3,4,4/[a2122h-1b_1-5_2*NCC/3=O][a1221m-1a_1-5_2*NCC/3=O][a2112A-1a_1-5_2*NCC/3=O]/1-2-3-2/a1-c3~_a3-b1_b3-c1_c4-d1	"RES
1r:r1
REP
REP1:6o(3+1)2d=-1--1
RES
2b:b-dglc-HEX-1:5
3s:n-acetyl
4b:a-lgal-HEX-1:5|6:d
5s:n-acetyl
6b:a-dgal-HEX-1:5|6:a
7s:n-acetyl
8b:a-lgal-HEX-1:5|6:d
9s:n-acetyl
LIN
1:2d(2+1)3n
2:2o(3+1)4d
3:4d(2+1)5n
4:4o(3+1)6d
5:6d(2+1)7n
6:6o(4+1)8d
7:8d(2+1)9n

"
5	LUH5535	G4767	baumannii	O6	Sv6	PSgc6	DRS005643	KC526896	AHB32267.1		MIFKNIGSYDLTNFSLFYNETGVEIGWGLYSKIISLFSDSPVVLFTIFSFFTFFTFYRISRLVEIKFLYVMLYYLPTGFFMMQQFMQIRQGFAIPLVIYGSVLYLSGKKYISLVFFILAILFHQSSLAFILIFISYLFFNNFLKINTSVFKFFIINILILVFGFIVARFILLDAAMDYFQRLEAYSTTDYAESVGFFSLSNIKFYIEFFLIFLLLNNRLLLNKFIVFFVFIFTVGLSLRVAFYDFGILSGRLSNTFLLIEVFLMPMLLSSRLNKIYLYIYFLLYFLVIFYVTWTFQASEFIKNNYFLPLS							
6	LUH5537	G4769	baumannii	O7	Sv9	PSgc9	DRS005639	KC526920	AHB32888.2		MIFKNIGSYDLTNFSLFYNETGVEIGWGLYSKIISLFSDSPVVLFTIFSFFTFFTFYRISRLVEIKFLYVMLYYLPTGFFMMQQFMQIRQGFAIPLVIYGSVLYLSGKKYISLVFFILAILFHQSSLAFILIFISYLFFNNFLKINTSVFKFFIINILILVFGFIVARFILLDAAMDYFQRLEAYSTTDYAESVGFFSLSNIKFYIEFFLIFLLLNNRLLLNKFIVFFVFIFTVGLSLRVAFYDFGILSGRLSNTFLLIEVFLMPMLLSSRLNKIYLYIYFLLYFLVIFYVTWTFQASEFIKNNYFLPLS	CSDB	29554	_:taxon_Acinetobacter_baumannii_Sv9	10951	-2)[bLRhap(1-4)[Ac(1-2)]bDGlcpN(1-3)]aLRhap(1-2)aLRhap(1-3)aLRhap(1-3)[Ac(1-2)]aDGlcpN(1-	WURCS=2.0/4,6,6/[a2122h-1a_1-5_2*NCC/3=O][a2211m-1a_1-5][a2122h-1b_1-5_2*NCC/3=O][a2211m-1b_1-5]/1-2-2-2-3-4/a1-d2~_a3-b1_b3-c1_c2-d1_d3-e1_e4-f1	"RES
1r:r1
REP
REP1:6o(2+1)2d=-1--1
RES
2b:a-dglc-HEX-1:5
3s:n-acetyl
4b:a-lman-HEX-1:5|6:d
5b:a-lman-HEX-1:5|6:d
6b:a-lman-HEX-1:5|6:d
7b:b-dglc-HEX-1:5
8s:n-acetyl
9b:b-lman-HEX-1:5|6:d
LIN
1:2d(2+1)3n
2:2o(3+1)4d
3:4o(3+1)5d
4:5o(2+1)6d
5:6o(3+1)7d
6:7d(2+1)8n
7:7o(4+1)9d

"
7	LUH5538	G4770	baumannii	O8	Sv8	PSgc8	DRS005645	KC526898	AHB32311.1		MIFKNIGSYDLTNFSLFYNETGVEIGWGLYSKIISLFSDSPVVLFTIFSFFTFFTFYRISRLVEIKFLYVMLYYLPTGFFMMQQFMQIRQGFAIPLVIYGSVLYLSGKKYISLVFFILAILFHQSSLAFILIFISYLFFNNFLKINTSVFKFFIINILILVFGFIVARFILLDAAMDYFQRLEAYSTTDYAESVGFFSLSNIKFYIEFFLIFLLLNNRLLLNKFIVFFVFIFTVGLSLRVAFYDFGILSGRLSNTFLLIEVFLMPMLLSSRLNKIYLYIYFLLYFLVIFYVTWTFQASEFIKNNYFLPLS							
8	LUH5539	G4771	baumannii	O9	Sv9	PSgc9	DRS005655	KC526915	AHB32746.2		MIFKNIGSYDLTNFSLFYNETGVEIGWGLYSKIISLFSDSPVVLFTIFSFFTFFTFYRISRLVEIKFLYVMLYYLPTGFFMMQQFMQIRQGFAIPLVIYGSVLYLSGKKYISLVFFILAILFHQSSLAFILIFISYLFFNNFLKINTSVFKFFIINILILVFGFIVARFILLDAAMDYFQRLEAYSTTDYAESVGFFSLSNIKFYIEFFLIFLLLNNRLLLNKFIVFFVFIFTVGLSLRVAFYDFGILSGRLSNTFLLIEVFLMPMLLSSRLNKIYLYIYFLLYFLVIFYVTWTFQASEFIKNNYFLPLS	CSDB	29554	_:taxon_Acinetobacter_baumannii_Sv9	10951	-2)[bLRhap(1-4)[Ac(1-2)]bDGlcpN(1-3)]aLRhap(1-2)aLRhap(1-3)aLRhap(1-3)[Ac(1-2)]aDGlcpN(1-	WURCS=2.0/4,6,6/[a2122h-1a_1-5_2*NCC/3=O][a2211m-1a_1-5][a2122h-1b_1-5_2*NCC/3=O][a2211m-1b_1-5]/1-2-2-2-3-4/a1-d2~_a3-b1_b3-c1_c2-d1_d3-e1_e4-f1	"RES
1r:r1
REP
REP1:6o(2+1)2d=-1--1
RES
2b:a-dglc-HEX-1:5
3s:n-acetyl
4b:a-lman-HEX-1:5|6:d
5b:a-lman-HEX-1:5|6:d
6b:a-lman-HEX-1:5|6:d
7b:b-dglc-HEX-1:5
8s:n-acetyl
9b:b-lman-HEX-1:5|6:d
LIN
1:2d(2+1)3n
2:2o(3+1)4d
3:4o(3+1)5d
4:5o(2+1)6d
5:6o(3+1)7d
6:7d(2+1)8n
7:7o(4+1)9d

"
9	LUH5540	G4772	baumannii	O10	Sv10	PSgc10	DRS005653	KC526902	AHB32411.1	GlcNAc(a1-2)LRha	MIFKNIGSYDLTNFSLFYNETGVEIGWGLYSKIISLFSDSPVVLFTIFSFFTFFTFYRISRLVEIKFLYVMLYYLPTGFFMMQQFMQIRQGFAIPLVIYGSVLYLSGKKYISLVFFILAILFHQSSLAFILIFISYLFFNNFLKINTSVFKFFIINILILVFGFIVARFILLDAAMDYFQRLEAYSTTDYAESVGFFSLSNIKFYIEFFLIFLLLNNRLLLNKFIVFFVFIFTVGLSLRVAFYDFGILSGRLSNTFLLIEVFLMPMLLSSRLNKIYLYIYFLLYFLVIFYVTWTFQASEFIKNNYFLPLS	CSDB	29555	_:taxon_Acinetobacter_baumannii_Sv10	10952	-2)[Ac(1-2)aDManpN(1-3)]aLRhap(1-2)aLRhap(1-3)aLRhap(1-3)[Ac(1-2)]aDGlcpN(1-	WURCS=2.0/3,5,5/[a2122h-1a_1-5_2*NCC/3=O][a2211m-1a_1-5][a1122h-1a_1-5_2*NCC/3=O]/1-2-2-2-3/a1-d2~_a3-b1_b3-c1_c2-d1_d3-e1	"RES
1r:r1
REP
REP1:6o(2+1)2d=-1--1
RES
2b:a-dglc-HEX-1:5
3s:n-acetyl
4b:a-lman-HEX-1:5|6:d
5b:a-lman-HEX-1:5|6:d
6b:a-lman-HEX-1:5|6:d
7b:a-dman-HEX-1:5
8s:n-acetyl
LIN
1:2d(2+1)3n
2:2o(3+1)4d
3:4o(3+1)5d
4:5o(2+1)6d
5:6o(3+1)7d
6:7d(2+1)8n

"
10	LUH5541	G4773	nosocomialis	O11	Sv11	PSgc11	DRS005637	KC526906	AHB32510.1	GalNAc(a1-4)GalNAc	MIFKNIGSYDLTNFSLFYNETGVEIGWGLYSKIISLFSDSPVVLFTIFSFFTFFTFYRISRLVEIKFLYVMLYYLPTGFFMMQQFMQIRQGFAIPLVIYGSVLYLSGKKYISLVFFILAILFHQSSLAFILIFISYLFFNNFLKINTSVFKFFIINILILVFGFIVARFILLDAAMDYFQRLEAYSTTDYAESVGFFSLSNIKFYIEFFLIFLLLNNRLLLNKFIVFFVFIFTVGLSLRVAFYDFGILSGRLSNTFLLIEVFLMPMLLSSRLNKIYLYIYFLLYFLVIFYVTWTFQASEFIKNNYFLPLS	CSDB	29556	_:taxon_Acinetobacter_baumannii_Sv11	10953	-4)[bDGlcp(1-6),Ac(1-2)]bDGalpN(1-3)aDGalp(1-6)bDGalp(1-3)[Ac(1-2)]aDGalpN(1-	WURCS=2.0/5,5,5/[a2112h-1a_1-5_2*NCC/3=O][a2112h-1b_1-5][a2112h-1a_1-5][a2112h-1b_1-5_2*NCC/3=O][a2122h-1b_1-5]/1-2-3-4-5/a1-d4~_a3-b1_b6-c1_c3-d1_d6-e1	"RES
1r:r1
REP
REP1:6o(4+1)2d=-1--1
RES
2b:a-dgal-HEX-1:5
3s:n-acetyl
4b:b-dgal-HEX-1:5
5b:a-dgal-HEX-1:5
6b:b-dgal-HEX-1:5
7s:n-acetyl
8b:b-dglc-HEX-1:5
LIN
1:2d(2+1)3n
2:2o(3+1)4d
3:4o(6+1)5d
4:5o(3+1)6d
5:6d(2+1)7n
6:6o(6+1)8d

"
11	LUH3713	G4763	baumannii	O12	Sv12	PSgc12	DRS005634	KC526916	AHB32774.1		MIFKNIGSYDLTNFSLFYNETGVEIGWGLYSKIISLFSDSPVVLFTIFSFFTFFTFYRISRLVEIKFLYVMLYYLPTGFFMMQQFMQIRQGFAIPLVIYGSVLYLSGKKYISLVFFILAILFHQSSLAFILIFISYLFFNNFLKINTSVFKFFIINILILVFGFIVARFILLDAAMDYFQRLEAYSTTDYAESVGFFSLSNIKFYIEFFLIFLLLNNRLLLNKFIVFFVFIFTVGLSLRVAFYDFGILSGRLSNTFLLIEVFLMPMLLSSRLNKIYLYIYFLLYFLVIFYVTWTFQASEFIKNNYFLPLS	CSDB	29557	_:taxon_Acinetobacter_baumannii_Sv12	10954	-3)[bDQuip3N(1-6)[Ac(1-2)]aDGlcpN(1-4),Ac(1-2)]bDGalpN(1-3)aDGalp(1-3)[Ac(1-2)]bDGlcpN(1-	WURCS=2.0/5,5,5/[a2122h-1b_1-5_2*NCC/3=O][a2112h-1a_1-5][a2112h-1b_1-5_2*NCC/3=O][a2122h-1a_1-5_2*NCC/3=O][a2122m-1b_1-5_3*N]/1-2-3-4-5/a1-c3~_a3-b1_b3-c1_c4-d1_d6-e1	"RES
1r:r1
REP
REP1:5o(3+1)2d=-1--1
RES
2b:b-dglc-HEX-1:5
3s:n-acetyl
4b:a-dgal-HEX-1:5
5b:b-dgal-HEX-1:5
6s:n-acetyl
7b:a-dglc-HEX-1:5
8s:n-acetyl
9b:b-dglc-HEX-1:5|6:d
10s:amino
LIN
1:2d(2+1)3n
2:2o(3+1)4d
3:4o(3+1)5d
4:5d(2+1)6n
5:5o(4+1)7d
6:7d(2+1)8n
7:7o(6+1)9d
8:9d(3+1)10n


"
12	LUH5542	G4774	baumannii	O13	Sv13	PSgc13	DRS005654	KC526901	AHB32386.1		MIFKNIGSYDLTNFSLFYNETGVEIGWGLYSKIISLFSDSPVVLFTIFSFFTFFTFYRISRLVEIKFLYVMLYYLPTGFFMMQQFMQIRQGFAIPLVIYGSVLYLSGKKYISLVFFILAILFHQSSLAFILIFISYLFFNNFLKINTSVFKFFIINILILVFGFIVARFILLDAAMDYFQRLEAYSTTDYAESVGFFSLSNIKFYIEFFLIFLLLNNRLLLNKFIVFFVFIFTVGLSLRVAFYDFGILSGRLSNTFLLIEVFLMPMLLSSRLNKIYLYIYFLLYFLVIFYVTWTFQASEFIKNNYFLPLS							
13	LUH5543	G4775	baumannii	O14	Sv14	PSgc14	DRS005636	KC526913	AHB32687.1		MIFKNIGSYDLTNFSLFYNETGVEIGWGLYSKIISLFSDSPVVLFTIFSFFTFFTFYRISRLVEIKFLYVMLYYLPTGFFMMQQFMQIRQGFAIPLVIYGSVLYLSGKKYISLVFFILAILFHQSSLAFILIFISYLFFNNFLKINTSVFKFFIINILILVFGFIVARFILLDAAMDYFQRLEAYSTTDYAESVGFFSLSNIKFYIEFFLIFLLLNNRLLLNKFIVFFVFIFTVGLSLRVAFYDFGILSGRLSNTFLLIEVFLMPMLLSSRLNKIYLYIYFLLYFLVIFYVTWTFQASEFIKNNYFLPLS							
14	LUH5544	G4776	baumannii	O15	Sv15	PSgc15	DRS005646	KC526905	AHB32490.1		MIFKNIGSYDLTNFSLFYNETGVEIGWGLYSKIISLFSDSPVVLFTIFSFFTFFTFYRISRLVEIKFLYVMLYYLPTGFFMMQQFMQIRQGFAIPLVIYGSVLYLSGKKYISLVFFILAILFHQSSLAFILIFISYLFFNNFLKINTSVFKFFIINILILVFGFIVARFILLDAAMDYFQRLEAYSTTDYAESVGFFSLSNIKFYIEFFLIFLLLNNRLLLNKFIVFFVFIFTVGLSLRVAFYDFGILSGRLSNTFLLIEVFLMPMLLSSRLNKIYLYIYFLLYFLVIFYVTWTFQASEFIKNNYFLPLS							
15	LUH3712	G4762	baumannii	O16	Sv23	PSgc23	DRS005638	KC526914	AHB32715.1		MIFKNIGSYDLTNFSLFYNETGVEIGWGLYSKIISLFSDSPVVLFTIFSFFTFFTFYRISRLVEIKFLYVMLYYLPTGFFMMQQFMQIRQGFAIPLVIYGSVLYLSGKKYISLVFFILAILFHQSSLAFILIFISYLFFNNFLKINTSVFKFFIINILILVFGFIVARFILLDAAMDYFQRLEAYSTTDYAESVGFFSLSNIKFYIEFFLIFLLLNNRLLLNKFIVFFVFIFTVGLSLRVAFYDFGILSGRLSNTFLLIEVFLMPMLLSSRLNKIYLYIYFLLYFLVIFYVTWTFQASEFIKNNYFLPLS	CSDB	29558	_:taxon_Acinetobacter_baumannii_Sv23_(LUH3712)	2103	-6)[Ac(1-2)]aDGlcpN(1-4)[bDGlcp(1-3),Ac(1-2)]aDGalpN(1-3)[Ac(1-2)]aDGlcpN(1-	WURCS=2.0/3,4,4/[a2122h-1a_1-5_2*NCC/3=O][a2112h-1a_1-5_2*NCC/3=O][a2122h-1b_1-5]/1-2-1-3/a1-c6~_a3-b1_b3-d1_b4-c1	"RES
1r:r1
REP
REP1:7o(6+1)2d=-1--1
RES
2b:a-dglc-HEX-1:5
3s:n-acetyl
4b:a-dgal-HEX-1:5
5s:n-acetyl
6b:b-dglc-HEX-1:5
7b:a-dglc-HEX-1:5
8s:n-acetyl
LIN
1:2d(2+1)3n
2:2o(3+1)4d
3:4d(2+1)5n
4:4o(3+1)6d
5:4o(4+1)7d
6:7d(2+1)8n

"
16	LUH5545	G4777	baumannii	O17	Sv17	PSgc17	DRS005658	KC526904	AHB32462.1		MIFKNIGSYDLTNFSLFYNETGVEIGWGLYSKIISLFSDSPVVLFTIFSFFTFFTFYRISRLVEIKFLYVMLYYLPTGFFMMQQFMQIRQGFAIPLVIYGSVLYLSGKKYISLVFFILAILFHQSSLAFILIFISYLFFNNFLKINTSVFKFFIINILILVFGFIVARFILLDAAMDYFQRLEAYSTTDYAESVGFFSLSNIKFYIEFFLIFLLLNNRLLLNKFIVFFVFIFTVGLSLRVAFYDFGILSGRLSNTFLLIEVFLMPMLLSSRLNKIYLYIYFLLYFLVIFYVTWTFQASEFIKNNYFLPLS							
17	LUH5546	G4778	baumannii	O18	Sv18	PSgc18	DRS005650	KC526899	AHB32334.1	GalNAc(b1-3)Gal	MIFKNIGSYDLTNFSLFYNETGVEIGWGLYSKIISLFSDSPVVLFTIFSFFTFFTFYRISRLVEIKFLYVMLYYLPTGFFMMQQFMQIRQGFAIPLVIYGSVLYLSGKKYISLVFFILAILFHQSSLAFILIFISYLFFNNFLKINTSVFKFFIINILILVFGFIVARFILLDAAMDYFQRLEAYSTTDYAESVGFFSLSNIKFYIEFFLIFLLLNNRLLLNKFIVFFVFIFTVGLSLRVAFYDFGILSGRLSNTFLLIEVFLMPMLLSSRLNKIYLYIYFLLYFLVIFYVTWTFQASEFIKNNYFLPLS	CSDB	29559	_:taxon_Acinetobacter_baumannii_Sv18	10955	-3)[Ac(1-2)bDManpN(1-4)aDGalp(1-4)]bDGalp(1-3)[Ac(1-2)]bDGalpN(1-	WURCS=2.0/4,4,4/[a2112h-1b_1-5_2*NCC/3=O][a2112h-1b_1-5][a2112h-1a_1-5][a1122h-1b_1-5_2*NCC/3=O]/1-2-3-4/a1-b3~_a3-b1_b4-c1_c4-d1	"RES
1r:r1
REP
REP1:4o(3+1)2d=-1--1
RES
2b:b-dgal-HEX-1:5
3s:n-acetyl
4b:b-dgal-HEX-1:5
5b:a-dgal-HEX-1:5
6b:b-dman-HEX-1:5
7s:n-acetyl
LIN
1:2d(2+1)3n
2:2o(3+1)4d
3:4o(4+1)5d
4:5o(4+1)6d
5:6d(2+1)7n

"
18	LUH5547	G4779	baumannii	O19	Sv19	PSgc19	DRS005644	KC526918	AHB32832.1		MIFKNIGSYDLTNFSLFYNETGVEIGWGLYSKIISLFSDSPVVLFTIFSFFTFFTFYRISRLVEIKFLYVMLYYLPTGFFMMQQFMQIRQGFAIPLVIYGSVLYLSGKKYISLVFFILAILFHQSSLAFILIFISYLFFNNFLKINTSVFKFFIINILILVFGFIVARFILLDAAMDYFQRLEAYSTTDYAESVGFFSLSNIKFYIEFFLIFLLLNNRLLLNKFIVFFVFIFTVGLSLRVAFYDFGILSGRLSNTFLLIEVFLMPMLLSSRLNKIYLYIYFLLYFLVIFYVTWTFQASEFIKNNYFLPLS							
19	LUH5548	G4780	baumannii	O20	Sv20	PSgc20	DRS005635	KC526910	AHB32614.2		MIFKNIGSYDLTNFSLFYNETGVEIGWGLYSKIISLFSDSPVVLFTIFSFFTFFTFYRISRLVEIKFLYVMLYYLPTGFFMMQQFMQIRQGFAIPLVIYGSVLYLSGKKYISLVFFILAILFHQSSLAFILIFISYLFFNNFLKINTSVFKFFIINILILVFGFIVARFILLDAAMDYFQRLEAYSTTDYAESVGFFSLSNIKFYIEFFLIFLLLNNRLLLNKFIVFFVFIFTVGLSLRVAFYDFGILSGRLSNTFLLIEVFLMPMLLSSRLNKIYLYIYFLLYFLVIFYVTWTFQASEFIKNNYFLPLS							
20	LUH5549	G4781	baumannii	O21	Sv21	PSgc21	DRS005651	KC526897	AHB32283.1		MIFKNIGSYDLTNFSLFYNETGVEIGWGLYSKIISLFSDSPVVLFTIFSFFTFFTFYRISRLVEIKFLYVMLYYLPTGFFMMQQFMQIRQGFAIPLVIYGSVLYLSGKKYISLVFFILAILFHQSSLAFILIFISYLFFNNFLKINTSVFKFFIINILILVFGFIVARFILLDAAMDYFQRLEAYSTTDYAESVGFFSLSNIKFYIEFFLIFLLLNNRLLLNKFIVFFVFIFTVGLSLRVAFYDFGILSGRLSNTFLLIEVFLMPMLLSSRLNKIYLYIYFLLYFLVIFYVTWTFQASEFIKNNYFLPLS							
21	LUH5550	G4782	baumannii	O22	Sv22	PSgc22	DRS005642	KC526903	AHB32438.2		MIFKNIGSYDLTNFSLFYNETGVEIGWGLYSKIISLFSDSPVVLFTIFSFFTFFTFYRISRLVEIKFLYVMLYYLPTGFFMMQQFMQIRQGFAIPLVIYGSVLYLSGKKYISLVFFILAILFHQSSLAFILIFISYLFFNNFLKINTSVFKFFIINILILVFGFIVARFILLDAAMDYFQRLEAYSTTDYAESVGFFSLSNIKFYIEFFLIFLLLNNRLLLNKFIVFFVFIFTVGLSLRVAFYDFGILSGRLSNTFLLIEVFLMPMLLSSRLNKIYLYIYFLLYFLVIFYVTWTFQASEFIKNNYFLPLS	CSDB	29560	_:taxon_Acinetobacter_baumannii_Sv22	326	-3)[aDGalp(1-6)]bDGlcp(1-3)[Ac(1-2)]bDGalpN(1-	WURCS=2.0/3,3,3/[a2112h-1b_1-5_2*NCC/3=O][a2122h-1b_1-5][a2112h-1a_1-5]/1-2-3/a1-b3~_a3-b1_b6-c1	"RES
1r:r1
REP
REP1:4o(3+1)2d=-1--1
RES
2b:b-dgal-HEX-1:5
3s:n-acetyl
4b:b-dglc-HEX-1:5
5b:a-dgal-HEX-1:5
LIN
1:2d(2+1)3n
2:2o(3+1)4d
3:4o(6+1)5d

"
22	LUH3714	G4764	baumannii	O23	Sv23	PSgc23	DRS005656	KC526911	AHB32637.1	GlcNAc(b1-3)GalNAc	MIFKNIGSYDLTNFSLFYNETGVEIGWGLYSKIISLFSDSPVVLFTIFSFFTFFTFYRISRLVEIKFLYVMLYYLPTGFFMMQQFMQIRQGFAIPLVIYGSVLYLSGKKYISLVFFILAILFHQSSLAFILIFISYLFFNNFLKINTSVFKFFIINILILVFGFIVARFILLDAAMDYFQRLEAYSTTDYAESVGFFSLSNIKFYIEFFLIFLLLNNRLLLNKFIVFFVFIFTVGLSLRVAFYDFGILSGRLSNTFLLIEVFLMPMLLSSRLNKIYLYIYFLLYFLVIFYVTWTFQASEFIKNNYFLPLS	CSDB	29558	_:taxon_Acinetobacter_baumannii_Sv23_(LUH3712)	2103	-6)[Ac(1-2)]aDGlcpN(1-4)[bDGlcp(1-3),Ac(1-2)]aDGalpN(1-3)[Ac(1-2)]aDGlcpN(1-	WURCS=2.0/3,4,4/[a2122h-1a_1-5_2*NCC/3=O][a2112h-1a_1-5_2*NCC/3=O][a2122h-1b_1-5]/1-2-1-3/a1-c6~_a3-b1_b3-d1_b4-c1	"RES
1r:r1
REP
REP1:7o(6+1)2d=-1--1
RES
2b:a-dglc-HEX-1:5
3s:n-acetyl
4b:a-dgal-HEX-1:5
5s:n-acetyl
6b:b-dglc-HEX-1:5
7b:a-dglc-HEX-1:5
8s:n-acetyl
LIN
1:2d(2+1)3n
2:2o(3+1)4d
3:4d(2+1)5n
4:4o(3+1)6d
5:4o(4+1)7d
6:7d(2+1)8n

"
23	LUH5551	G4783	baumannii	O24	Sv24	PSgc24	DRS005659	KC526909	AHB32586.1	GlcNAc(a1-4)Leg5Ac7Ac	MIFKNIGSYDLTNFSLFYNETGVEIGWGLYSKIISLFSDSPVVLFTIFSFFTFFTFYRISRLVEIKFLYVMLYYLPTGFFMMQQFMQIRQGFAIPLVIYGSVLYLSGKKYISLVFFILAILFHQSSLAFILIFISYLFFNNFLKINTSVFKFFIINILILVFGFIVARFILLDAAMDYFQRLEAYSTTDYAESVGFFSLSNIKFYIEFFLIFLLLNNRLLLNKFIVFFVFIFTVGLSLRVAFYDFGILSGRLSNTFLLIEVFLMPMLLSSRLNKIYLYIYFLLYFLVIFYVTWTFQASEFIKNNYFLPLS	CSDB	29561	_:taxon_Acinetobacter_baumannii_Sv24	11708	-4)[Ac(1-7),Ac(1-5)]bXLegp(2-6)[Ac(1-2)]aDGlcpN(1-3)[Ac(1-2)]aLFucpN(1-3)[Ac(1-2)]aDGlcpN(1-	WURCS=2.0/3,4,4/[a2122h-1a_1-5_2*NCC/3=O][a1221m-1a_1-5_2*NCC/3=O][Aad21122m-2b_2-6_7*NCC/3=O_5*NCC/3=O]/1-2-1-3/a1-d4~_a3-b1_b3-c1_c6-d2	"RES
1r:r1
REP
REP1:8o(4+1)2d=-1--1
RES
2b:a-dglc-HEX-1:5
3s:n-acetyl
4b:a-lgal-HEX-1:5|6:d
5s:n-acetyl
6b:a-dglc-HEX-1:5
7s:n-acetyl
8b:b-dgro-dgal-NON-2:6|1:a|2:keto|3:d|9:d
9s:n-acetyl
10s:n-acetyl
LIN
1:2d(2+1)3n
2:2o(3+1)4d
3:4d(2+1)5n
4:4o(3+1)6d
5:6d(2+1)7n
6:6o(6+2)8d
7:8d(5+1)9n
8:8d(7+1)10n

"
24	LUH5552	G4784	baumannii	O25	Sv25	PSgc25	DRS005657	KC526919	AHB32861.1		MIFKNIGSYDLTNFSLFYNETGVEIGWGLYSKIISLFSDSPVVLFTIFSFFTFFTFYRISRLVEIKFLYVMLYYLPTGFFMMQQFMQIRQGFAIPLVIYGSVLYLSGKKYISLVFFILAILFHQSSLAFILIFISYLFFNNFLKINTSVFKFFIINILILVFGFIVARFILLDAAMDYFQRLEAYSTTDYAESVGFFSLSNIKFYIEFFLIFLLLNNRLLLNKFIVFFVFIFTVGLSLRVAFYDFGILSGRLSNTFLLIEVFLMPMLLSSRLNKIYLYIYFLLYFLVIFYVTWTFQASEFIKNNYFLPLS							
25	LUH5553	G4785	baumannii	O26	Sv26	PSgc26	DRS005648	KC526917	AHB32799.1		MIFKNIGSYDLTNFSLFYNETGVEIGWGLYSKIISLFSDSPVVLFTIFSFFTFFTFYRISRLVEIKFLYVMLYYLPTGFFMMQQFMQIRQGFAIPLVIYGSVLYLSGKKYISLVFFILAILFHQSSLAFILIFISYLFFNNFLKINTSVFKFFIINILILVFGFIVARFILLDAAMDYFQRLEAYSTTDYAESVGFFSLSNIKFYIEFFLIFLLLNNRLLLNKFIVFFVFIFTVGLSLRVAFYDFGILSGRLSNTFLLIEVFLMPMLLSSRLNKIYLYIYFLLYFLVIFYVTWTFQASEFIKNNYFLPLS							
26	LUH5554	G4786	baumannii	O27	Sv27	PSgc27	DRS005647	KC526900	AHB32357.1		MIFKNIGSYDLTNFSLFYNETGVEIGWGLYSKIISLFSDSPVVLFTIFSFFTFFTFYRISRLVEIKFLYVMLYYLPTGFFMMQQFMQIRQGFAIPLVIYGSVLYLSGKKYISLVFFILAILFHQSSLAFILIFISYLFFNNFLKINTSVFKFFIINILILVFGFIVARFILLDAAMDYFQRLEAYSTTDYAESVGFFSLSNIKFYIEFFLIFLLLNNRLLLNKFIVFFVFIFTVGLSLRVAFYDFGILSGRLSNTFLLIEVFLMPMLLSSRLNKIYLYIYFLLYFLVIFYVTWTFQASEFIKNNYFLPLS							
